id,skills,titles,major
/in/cassandra-vose/,"['Data Warehousing', 'Data Analysis', 'Business Intelligence', 'Analysis', 'Microsoft Office', 'SQL', 'Leadership', 'Data Warehousing', 'Data Analysis', 'Business Intelligence', 'Microsoft Office', 'SQL', 'Analysis', 'Leadership']","['Senior Manager/Data Engineer', 'Consultant']","['Bachelor of Science, Civil & Environmental Engineering']"
/in/samitra-harrington-3ab715141/,1,['Research Ambassador'],"[""Bachelor's degree, Sociology""]"
/in/kavyadagli/,"['Python', 'Java', 'JavaScript', 'C', 'HTML', 'Python', 'Java', 'JavaScript', 'C', 'HTML']","['Software Engineer Intern', 'Teaching Assistant (Object-Oriented Programming)', 'Machine Learning Intern', 'Teaching Assistant']","['Bachelor of Science - BS, Computer Science']"
/in/melvin-molina/,"['Java', 'C (Programming Language)', 'Python (Programming Language)', 'Java', 'C (Programming Language)', 'Python (Programming Language)']","['Associate Software Engineer', 'High School Teacher', 'Instructional Assistant', 'Instructor', 'Software Engineer', 'Robotics Instructor', 'Technical Researcher', 'Computer Science Tutor', 'Learning Assistant']","['Bachelor of Science - BS, Computer Science', 'Associate of Arts - AA, Computer Science', 'Computer Programming Certificate, Computer Programming']"
/in/sarah-nguyen-4706b4205/,['NaN'],['NaN'],"['Bachelor of Science - BS, Community Health and Preventive Medicine', 'Public Health Education and Promotion', 'High School Diploma']"
/in/shivppatel/,"['Java', 'Python', 'JavaScript', 'Git', 'Problem Solving', 'Communication<span class=""white-space-pre""> </span></span><span class=""visually-hidden"">', 'Java', 'Python', 'JavaScript', 'Git', 'Problem Solving', 'Communication<span class=""white-space-pre""> </span></span><span class=""visually-hidden"">']","['University of Maryland', 'University of Maryland']",['Bachelor of Science - BS']
/in/excela/,"['Leadership', 'Research', 'Microsoft Office', 'Tutoring', 'Problem Solving', 'English', 'Research', 'Tutoring', 'Microsoft Office', 'Leadership', 'Problem Solving', 'English']","['Software Automation Engineer (Intern)', 'Undergraduate Student Researcher', 'Engagement Associate', 'Student Computer Technician']","['Bachelor of Engineering - BE, Computer Engineering', 'Associate of Science - AS, Computer Science']"
/in/adam-jacques/,"['SolidWorks', 'Python (Programming Language)', 'Matlab', 'C++', 'Autodesk Inventor', 'Microsoft Office', 'Pandas (Software)', 'Teamwork', 'Drone Piloting', 'Drone Videography', 'Drone Piloting', 'Drone Videography', 'SolidWorks', 'Python (Programming Language)', 'Matlab', 'C++', 'Autodesk Inventor', 'Microsoft Office', 'Pandas (Software)', 'Teamwork']","['University Recreation and Wellness', 'University Recreation and Wellness', 'University Recreation and Wellness', 'University Recreation and Wellness', 'University Recreation and Wellness']","['Bachelor of Science - BS, Mechanical Engineering', ""Bachelor's degree, Mechanical Engineering""]"
/in/azariah-knox-529a95170/,['NaN'],['NaN'],"['Bachelor of Science - BS, Mechanical Engineering']"
/in/clydeapaid/,"['Microsoft Office', 'Financial Analysis', 'Marketing Strategy', 'Social Media', 'Strategic Planning', 'Sales', 'Startup Development', 'Startup Marketing', 'Call Center Development', 'Call Center Administration', 'Financial Planning', 'Medical Billing', 'Telecommunications', 'Telemedicine', 'Public-private Partnerships', 'Emerging Markets', 'Technology Start-up', 'Employee Training', 'Recruiting', 'Customer Service Management', 'Financial Analysis', 'Marketing Strategy', 'Social Media', 'Sales', 'Startup Development', 'Startup Marketing', 'Call Center Development', 'Call Center Administration', 'Financial Planning', 'Medical Billing', 'Telecommunications', 'Telemedicine', 'Public-private Partnerships', 'Emerging Markets', 'Technology Start-up', 'Employee Training', 'Recruiting', 'Customer Service Management', 'Microsoft Office', 'Strategic Planning']","['Manager', 'Pathways Operations Management Intern', 'Chief Operating Officer', 'General Manager', 'General Manager']","['Master of Business Administration (M.B.A.)', 'Bachelor of Science (B.S.), Business Administration and Management and Marketing']"
/in/asiya-sarbasova-pmp-25a03322/,"['Project Management', 'Integration', 'Visio', 'Program Management', 'Vendor Management', 'Analysis', 'Software Project Management', 'Telecommunications', 'SharePoint', 'Cross-functional Team Leadership', 'Wireless', 'Process Improvement', 'Business Analysis', 'CRM', 'Requirements Analysis', 'Data Analysis', 'Business Process Improvement', 'Customer Relationship Management (CRM)', 'Budgets', 'Enterprise Architecture', 'Project Management', 'Integration', 'Program Management', 'Vendor Management', 'Software Project Management', 'Telecommunications', 'Cross-functional Team Leadership', 'Wireless', 'Process Improvement', 'Business Analysis', 'CRM', 'Requirements Analysis', 'Data Analysis', 'Business Process Improvement', 'Customer Relationship Management (CRM)', 'Budgets', 'Enterprise Architecture', 'Sarbanes-Oxley Act', 'Risk Management', 'Team Building', 'Visio', 'SharePoint', 'Analysis']","['Program Manager', 'Deputy Program Manager', 'Project Manager', 'Software Development Project Manager', 'IT Project Manager', 'Business Data Specialist', 'Graduate Assistant', 'Data Analyst', 'IT Support Analyst', 'IT Support Specialist']","[""Master's, Information Management"", ""Bachelor's, Decision Science and Information Systems"", ""Associate's, Business Administration""]"
/in/connor-guidera/,"['Leadership', 'Microsoft Excel', 'Visual Basic for Applications (VBA)', 'Microsoft Word', 'Microsoft PowerPoint', 'Microsoft Excel', 'Visual Basic for Applications (VBA)', 'Microsoft Word', 'Microsoft PowerPoint', 'Leadership']","['Undergraduate Teaching Assistant - Data Modeling in Business (BMGT430)', 'Treasurer', 'Business Analyst Intern', 'Finance &amp; Accounting Intern', 'Lifeguard', 'Intern']","['Bachelor of Science - BS, Business Analytics', 'Bachelor of Science - BS, Information Systems']"
/in/adeolaawowale/,"['Matlab', 'Research', 'Microsoft Office', 'Microsoft Excel', 'Statistics', 'Data Analysis', 'PCR', 'Public Speaking', 'Microsoft Word', 'PowerPoint', 'Science', 'Cell Culture', 'Customer Service', 'Qualitative Research', 'Molecular Biology', 'Biotechnology', 'Bioinformatics', 'Life Sciences', 'Cell Biology', 'Western Blotting', 'Research', 'Statistics', 'Data Analysis', 'PCR', 'Science', 'Cell Culture', 'Customer Service', 'Qualitative Research', 'Molecular Biology', 'Biotechnology', 'Bioinformatics', 'Life Sciences', 'Cell Biology', 'Western Blotting', 'Polymerase Chain Reaction (PCR)', 'Matlab', 'Microsoft Office', 'Microsoft Excel', 'Microsoft Word', 'PowerPoint', 'Public Speaking', 'Leadership']","['Technical Program Manager', 'System Engineer', 'Software Tester Intern', ""Teacher's Assistant"", 'Manufacturing Engineer Intern', 'Researcher at the Human Performance Lab', 'Undergraduate Marketing Assistant', 'Statistical Genomics and Informatics']","['Master of Science (M.Sc.), Systems Engineering, Operations Research and Process Systems', 'Bachelor of Science (B.S.), Bioengineering and Biomedical Engineering']"
/in/zayd-choudhury/,"['Object-Oriented Programming (OOP)', 'C (Programming Language)', 'Java', 'Computer Science', 'Ruby', 'Object-Oriented Programming (OOP)', 'Computer Science', 'C (Programming Language)', 'Java', 'Ruby']","['Information Technology Technician', 'Assistant Team Manager', 'Canvasser', 'Crew Member']","['Bachelor of Science - BS, Computer Science', 'High School Diploma']"
/in/hlee124/,14,"['Clark School Ambassador', 'Classroom Support Technician', 'Undergraduate Researcher', 'Undergraduate Research Fellow', 'Science Engineering Apprenticeship Program (SEAP) Intern']","['Bioengineering', 'High School Diploma, Science and Mathematics Academy']"
/in/joy-j-wang/,"['Object-Oriented Programming (OOP)', 'Python (Programming Language)', 'Communication', 'Object-Oriented Programming (OOP)', 'Python (Programming Language)', 'Communication']","['Technica', 'Technica', 'Technica', 'Technica', 'Technica']","[""Bachelor's degree, Computer Science and Mathematics""]"
/in/neha-wadhwani-360949143/,"['Tableau', 'SQL', 'Amazon Web Services (AWS)', 'Data Visualization', 'SharePoint', 'Office 365', 'Microsoft Teams', 'Powershell', 'Microsoft PowerApps', 'Microsoft Flow', 'Microsoft 365', 'SharePoint Administration', 'DocAve', 'SharePoint Server', 'Data Visualization', 'SharePoint Administration', 'DocAve', 'SharePoint Server', 'Tableau', 'SQL', 'Amazon Web Services (AWS)', 'SharePoint', 'Office 365', 'Microsoft Teams', 'Powershell', 'Microsoft PowerApps', 'Microsoft Flow', 'Microsoft 365']","['Tata Consultancy Services', 'Tata Consultancy Services']","['Masters in Information Management ', 'Bachelor of Engineering - BE, Computer Science']"
/in/chernor/,17,"['Associate Software Engineer', 'Classroom Support Technician', 'Software Engineering Intern']","[""Bachelor's degree, Computer Science"", ""Associate's degree, Information Technology""]"
/in/nekesiha-hall/,"['Customer Service', 'Leadership', 'Customer Service', 'Leadership']","['Community Health Worker-Case Manager', 'Cashier Customer Service/Server', 'Community Health Woker (remote)', 'Assistant Manager', 'Community Health Intern']","['Master of Science - MS, Health/Health Care Administration/Management', 'Bachelor of Applied Science - BASc, Behavioral and Community Health', 'Bachelor of Applied Science - BASc, Pre-Pharmacy Studies']"
/in/akash-deep-umd/,"['C', 'Cybersecurity', 'Information Security', 'Databases', 'Cisco Certified', 'PHP', 'Firewalls', 'Cisco Routers', 'Linux', 'Virtual Private Network (VPN)', 'Network Engineering', 'Cisco Systems Products', 'Cybersecurity', 'Information Security', 'Cisco Certified', 'Firewalls', 'Virtual Private Network (VPN)', 'Network Engineering', 'C', 'Databases', 'PHP', 'Cisco Routers', 'Linux', 'Cisco Systems Products']","['Security Engineer II', 'Security Engineer']","['Masters of Engineering, Cybersecurity', 'Master of Technology - MTech, Computer Science & Engineering(Spl in Information Security)', 'Bachelor of Engineering - BE, Information Science and Engineering']"
/in/chrissycui/,"['Algorithms', 'Distributed Systems', 'C++', 'Python', 'Java', 'Linux', 'C', 'Object Oriented Design', 'Multithreading', 'Machine Learning', 'High Performance Computing', 'Data Structures', 'Design Patterns', 'REST', 'STL', 'Visual C++', 'Android App Development', 'Java software development', 'Code Composer Studio', 'CUDA', 'Algorithms', 'Distributed Systems', 'Object Oriented Design', 'Multithreading', 'Machine Learning', 'High Performance Computing', 'Data Structures', 'Design Patterns', 'STL', 'Android App Development', 'Java software development', 'Code Composer Studio', 'CUDA', 'Parallel Computing', 'Application Development', 'Parallel Programming', 'GPGPU', 'Continuous Delivery', 'IBM Rational Purify', 'Valgrind', 'C++', 'Python', 'Java', 'Linux', 'C', 'REST', 'Visual C++', 'Android', 'Objective-C']","['Engineering Manager', 'Engineering Manager', 'Senior Software Engineer / Architect']","[""Master's Degree, Computer Engineering""]"
/in/theodore-gladkov-5bb851232/,21,"['Laboratory Technician', 'Engineering Intern Student']","['Bachelor of Science - BS, Fire Protection Engineering']"
/in/cyjean/,"['Java', 'Education', 'C', 'Python', 'OCaml', 'Ruby', 'Numerical Analysis', 'Education', 'OCaml', 'Numerical Analysis', 'Java', 'C', 'Python', 'Ruby']","['Appirio', 'Appirio', 'Appirio', 'Appirio', 'Appirio']","['Bachelor of Science (BS), Computer Science']"
/in/marlabar/,"['SPSS', 'Critical Thinking', 'Agile Methodologies', 'Quality Assurance', 'Scrum', 'Test Cases', 'Filing', 'Kanban', 'Testing', 'LexisNexis', 'Microsoft Office', 'Salesforce.com', 'Microsoft Access', 'JIRA', 'SharePoint', 'Salesforce Lightning', 'Microsoft Outlook', 'Microsoft Word', 'Microsoft Excel', 'Training', 'Agile Methodologies', 'Quality Assurance', 'Scrum', 'Test Cases', 'Filing', 'Kanban', 'Testing', 'Training', 'SPSS', 'LexisNexis', 'Microsoft Office', 'Salesforce.com', 'Microsoft Access', 'JIRA', 'SharePoint', 'Salesforce Lightning', 'Microsoft Outlook', 'Microsoft Word', 'Microsoft Excel', 'Critical Thinking', 'Communication']","['Accenture Federal Services', 'Accenture Federal Services', 'Accenture Federal Services']","[""Bachelor's degree, Criminology and Criminal Justice"", 'High School Diploma']"
/in/rishipatel94/,"['Product Development', 'Project Management', 'Marketing Strategy', 'Digital Marketing', 'Business Development', 'Product Development', 'Project Management', 'Marketing Strategy', 'Digital Marketing', 'Business Development', 'AutoCAD', 'Microsoft Office', 'Microsoft Excel', 'Microsoft Word', 'Leadership']","['Business System Analyst', 'President', 'Founder/CEO', 'Project Manager Intern', 'Campus Representative', 'Project Coordinator Intern', 'Campus Liaison', 'Field Intern']","['Bachelor of Science (B.S.), Mechanical Engineering']"
/in/jerryzhuo/,25,"['Data Analyst Intern', 'Accounting Intern', 'Marketing Assistant Intern']","[""Master's degree"", ""Bachelor's degree, International Business; Finance"", ""Associate's degree, Business Administration and Management, General""]"
/in/devanshi-shah-21592713a/,"['Embedded Systems', 'Embedded Systems']","['Graduate Teaching Assistant', 'Data Analyst Intern', 'Intern', 'Technical Intern', 'Summer Intern', 'Intern']","[""Master's degree, Information Management - Data Analytics"", 'Bachelor of Technology, Electronics and Communication Engineering ']"
/in/jesse-ekweozoh-5132701b6/,27,['NaN'],['Computer Science']
/in/nicole-vertescher-17519a129/,"['Microsoft Office', 'Microsoft Excel', 'Customer Service', 'Leadership', 'Time Management', 'Microsoft Word', 'Customer Service', 'Time Management', 'Microsoft Office', 'Microsoft Excel', 'Microsoft Word', 'Leadership']","['Senior Recruiting Consultant', 'On Premise Account Recruiting Manager', 'Recruiter at Aerotek', 'Community Assistant', 'Pharmacy Volunteer', 'Laboratory Assistant', 'Laboratory Assistant, Intern', 'Residential Counselor, Instructor']","['Bachelor of Science (B.S.), Biology, General']"
/in/linda-johnson-mba-5a2a2a64/,"['Teamwork', 'Public Speaking', 'Team Leadership', 'Time Management', 'Customer Service', 'Microsoft Office', 'Microsoft Word', 'Matlab', 'PowerPoint', 'Event Planning', 'Social Media', 'Microsoft Excel', 'English', 'Windows', 'Microsoft PowerPoint', 'SolidWorks', 'CATIA', 'WMS (Warehouse Management System)', 'Lean Six Sigma', 'Kaizen Leadership', 'Time Management', 'Customer Service', 'Event Planning', 'Social Media', 'Lean Six Sigma', 'Kaizen Leadership', 'Project Management', 'WMS Implementations', 'Manufacturing', 'Data Analysis', 'Engineering', 'Mechanical Engineering', 'Research', 'Cross-functional Team Leadership', 'Microsoft Office', 'Microsoft Word', 'Matlab', 'PowerPoint', 'Microsoft Excel', 'Windows', 'Microsoft PowerPoint', 'SolidWorks', 'CATIA', 'Microsoft Project', 'Oracle Database', 'Teamwork', 'Public Speaking', 'Team Leadership', 'Leadership', 'Management', 'Problem Solving', 'English', 'PTS']","['Program Manager', 'NPI OLM Program Manager', 'Manufacturing Operations Supervisor', 'Associate Supply Chain Engineer', 'Mechanical Engineering Intern, Global Engineering Service Center', 'How Stuff Works Teaching Assistant', 'Undergraduate Research Assistant', 'Conference Planning Chair', 'Intern for Cellulose Esters and Specialty Plastics Department', 'Corporate Relations Board Chair', 'Mechanical Engineering Intern']","['Master of Business Administration - MBA', 'Bachelor of Science (BS), Mechanical Engineering']"
/in/z-serpil-gonen-williams-198ba116/,"['Nanotechnology', 'R&amp;D', 'Materials Science', 'Characterization', 'Design of Experiments', 'Chemistry', 'Surface Modification', 'Nanomaterials', 'AFM', 'Thin Films', 'Spectroscopy', 'Nanoparticles', 'Polymers', 'Powder X-ray Diffraction', 'Coatings', 'Product Development', 'Lean Manufacturing', 'Nanotechnology', 'R&amp;D', 'Materials Science', 'Characterization', 'Design of Experiments', 'Chemistry', 'Surface Modification', 'Nanomaterials', 'Thin Films', 'Spectroscopy', 'Nanoparticles', 'Polymers', 'Powder X-ray Diffraction', 'Coatings', 'Product Development', 'Lean Manufacturing', 'AFM']","['Pixelligent Technologies, LLC', 'Pixelligent Technologies, LLC', 'Pixelligent Technologies, LLC', 'Pixelligent Technologies, LLC', 'Pixelligent Technologies, LLC']","['PhD, Inorganic Chemistry', 'MS, Inorganic Chemistry', 'BS, Chemistry Education']"
/in/janneumann/,"['Machine Learning', 'Algorithms', 'Image Processing', 'Computer Vision', 'Python', 'Pattern Recognition', 'Computer Science', 'Matlab', 'Software Development', 'Programming', 'Software Engineering', 'C++', 'Linux', 'Java', 'Perl', 'Unix', 'Data Mining', 'Databases', 'MySQL', 'Artificial Intelligence', 'Machine Learning', 'Algorithms', 'Image Processing', 'Computer Vision', 'Pattern Recognition', 'Computer Science', 'Software Development', 'Programming', 'Software Engineering', 'Data Mining', 'Artificial Intelligence', 'Distributed Systems', 'Statistics', 'Python', 'Matlab', 'C++', 'Linux', 'Java', 'Perl', 'Unix', 'Databases', 'MySQL', 'C#']","['Comcast', 'Comcast', 'Comcast']","['PhD, Computer Science', 'Doctor of Philosophy - PhD, Computer Science', 'Vordiplom, Medical Computer Science']"
/in/christinaalemayehu/,"['Time Management', 'Team Building', 'Microsoft Office', 'Time Management', 'Team Building', 'Microsoft Office']","['Honor Council<span class=""white-space-pre""> </span></span><span class=""visually-hidden"">', 'Finance Committee Member', 'Volunteer Staff', 'Volunteer', 'Volunteer Staff', 'Communications Manager', 'Student Volunteer', 'Work Project']",['Public Relations and Nonprofit leadership and Social Innovation ']
/in/adamhoward56/,"['Java', 'Python', 'Unity3D', 'Agile Methodologies', 'HTML5', 'Cascading Style Sheets (CSS)', 'C#', 'Bash', 'Django', 'Corona SDK', 'Blender', 'GIMP', 'Agile Methodologies', 'Corona SDK', 'Blender', 'GIMP', 'Java', 'Python', 'Unity3D', 'HTML5', 'Cascading Style Sheets (CSS)', 'C#', 'Bash', 'Django']","['Software Development Engineer', 'Research Infrastructure Engineer', 'Resident Assistant', 'Software Development Engineer (SDE) Intern', 'Software/System Engineering Intern', 'Software Engineer Intern']","['Bachelor of Science - BS, Computer Science', 'High School Diploma']"
/in/helawe/,"['3D Printing', 'Research', 'C++', 'MATLAB', 'SOLIDWORKS', 'PTC Creo', 'Autodesk Inventor', 'Microsoft Excel', '3D Printing', 'Research', 'C++', 'MATLAB', 'SOLIDWORKS', 'PTC Creo', 'Autodesk Inventor', 'Microsoft Excel']","['Project Engineer', 'Teaching Assistant<span class=""white-space-pre""> </span></span><span class=""visually-hidden"">', 'Mechanical Engineering Intern', 'Research Assistant']","['Bachelor of Science - BS, Mechanical Engineering', ""Bachelor's degree, Mechanical Engineering"", 'High School Diploma']"
/in/jeremy-hess-41524016a/,"['Cloud Computing', 'Microsoft Office', 'Data Analysis', 'Computer Science', 'Information Technology', 'Java', 'SQL', 'Python (Programming Language)', 'Software Development', 'Cloud Computing', 'Data Analysis', 'Computer Science', 'Information Technology', 'Software Development', 'Microsoft Office', 'Java', 'SQL', 'Python (Programming Language)']","['Software Engineer Intern', 'Software Engineer Intern', 'Technical Intern', 'Software Engineer Intern']","[""Bachelor's degree, Computer Science and Economics""]"
/in/louiscwolff/,['NaN'],"['Consultant', 'Consultant | M&amp;A Strategy', 'Summer Senior Consultant  |  Transaction Advisory Services', 'Internal Strategy Intern', 'Mechanical Engineering Designer']","['Master of Business Administration - MBA, Strategy Consulting, Finance', 'Bachelor of Science (BS) with Honors, Mechanical Engineering']"
/in/hannah-allison-9853b836/,"['Engineering', 'Tableau', 'Visual Basic', 'Microsoft Excel', 'Matlab', 'PowerPoint', 'Engineering', 'Tableau', 'Visual Basic', 'Microsoft Excel', 'Matlab', 'PowerPoint']","['Northrop Grumman', 'Northrop Grumman', 'Northrop Grumman', 'Northrop Grumman', 'Northrop Grumman']","['Master of Science (M.S.), Mechanical Engineering', 'Bachelor of Science (B.S.), Mechanical Engineering']"
/in/kaylaparkbrouse/,"['Data Analysis', 'Microsoft Office', 'Technical Writing', 'Consulting', 'Microsoft Excel', 'Technical Presentations', 'Visio', 'System Testing', 'Product Development', 'Project Management', 'Microsoft Project', 'Customer Service', 'SQL', 'Public Speaking', 'PowerPoint', 'Microsoft Word', 'Data Analysis', 'Technical Writing', 'Consulting', 'Technical Presentations', 'System Testing', 'Product Development', 'Project Management', 'Customer Service', 'Microsoft Office', 'Microsoft Excel', 'Visio', 'Microsoft Project', 'SQL', 'PowerPoint', 'Microsoft Word', 'Access', 'Public Speaking']","['Information Technology Specialist', 'Technology Consulting Project Management Consultant', 'Business &amp; Systems Integration Consulting Sr. Analyst', 'Business &amp; Systems Integration Consulting Analyst', 'Substitute Teacher', 'Systems Integration Consulting - Functional Analyst Intern', 'Peer Assistant', 'SEEDS Mentor', 'Research Assistant', 'Hostess/Server', 'Hostess &amp; Server', 'ACE Mentor Program Participant']","['B.S, Mechanical Engineering', 'General Studies']"
/in/timisanni/,"['Java', 'Problem Solving', 'Easily Adaptable', 'Communication', 'Java', 'Problem Solving', 'Easily Adaptable', 'Communication']","['APP SDE Intern', 'Office Assistant', 'Assistant Site Manager']","['Bachelor of Science - BS, Computer Science']"
/in/sanket-nayak-8078a454/,"['Java', 'C', 'C++', 'HTML', 'JavaScript', 'SQL', 'Databases', 'Core Java', 'CSS', 'Servlets', 'JSP', 'jQuery', 'JDBC', 'Struts', 'Scrum', 'Advanced Java', 'Eclipse', 'Programming', 'Log4j', 'JSON', 'Scrum', 'Programming', 'Log4j', 'Mockito', 'Software Development', 'Java', 'C', 'C++', 'HTML', 'JavaScript', 'SQL', 'Databases', 'Core Java', 'CSS', 'Servlets', 'JSP', 'jQuery', 'JDBC', 'Struts', 'Advanced Java', 'Eclipse', 'JSON', 'JUnit', 'HTML5']","['Amazon Web Services (AWS)', 'Amazon Web Services (AWS)']",['Master of Science - MS']
/in/nygel-taylor-35096494/,"['Customer Service', 'Microsoft Office', 'Microsoft Excel', 'Leadership', 'Management', 'PowerPoint', 'Higher Education', 'Project Management', 'Marketing', 'Training', 'Microsoft PowerPoint', 'Customer Service', 'Higher Education', 'Project Management', 'Marketing', 'Training', 'Microsoft Office', 'Microsoft Excel', 'PowerPoint', 'Microsoft PowerPoint', 'Leadership', 'Management']","['Sr. Student Experience Specialist', 'Student Experience Specialist', 'Team Leader Solution Center', 'Sr. Customer Support Specialist', 'Session Support Coordinator', 'Chief Information Technology Officer', 'Home Essentials Supervisor', 'PCHO Specialist', 'Courtesy Clerk', 'Lead Leasing Professional', 'Magnolia Professional', 'Private Investigator', 'Leasing Professional', 'Sales Representative', 'Bank Teller', 'Sorter', 'Retail Sales Associate', 'Sales Associate', 'Sales Associate', 'Sales Associate', 'Sales Associate', 'Courtesy Clerk']","['Master of Library & Information Science - MLIS, Information Science/Studies', ""Master's degree, Information Management for Executives"", 'Bachelor of Science - BS, Computer Science']"
/in/baboyma-kagniniwa-gisp-67a2ab23/,"['GIS', 'ESRI', 'ArcGIS', 'Spatial Analysis', 'Cartography', 'Geospatial Data', 'Remote Sensing', 'GIS Application', 'SQL', 'Geography', 'ArcGIS Server', 'Spatial Databases', 'GPS', 'Databases', 'ArcMap', 'ArcInfo', 'Geomatics', 'Geographic Information Systems (GIS)', 'Python', 'JavaScript', 'ENVI', 'Data Analysis', 'Microsoft SQL Server', 'Integration', 'ArcSDE', 'HTML', 'PHP', 'Microsoft Office', 'jQuery', 'Analysis', 'Web Applications', 'Global Positioning System (GPS)', 'ESRI', 'Spatial Analysis', 'Cartography', 'Geospatial Data', 'Remote Sensing', 'GIS Application', 'Geography', 'ArcGIS Server', 'Spatial Databases', 'GPS', 'ArcMap', 'ArcInfo', 'Geomatics', 'ENVI', 'Data Analysis', 'Integration', 'ArcSDE', 'Web Applications', 'Global Positioning System (GPS)', 'GIS', 'ArcGIS', 'SQL', 'Databases', 'Geographic Information Systems (GIS)', 'Python', 'JavaScript', 'Microsoft SQL Server', 'HTML', 'PHP', 'Microsoft Office', 'jQuery', 'Analysis']","['Sr Data Scientist', 'Program Officer / GIS Analyst', 'GIS Consultant', 'GIS Instructor', 'GIS Systems Engineer', 'Geospatial Applications Developer', 'GIS Web Applications Developer', 'Senior Performance Test Engineer', 'GIS Consultant', 'GIS Analyst', 'GIS Analyst Intern', 'Student Assistant']","[""Master's of Professional Studies, Geospatial Information Sciences"", 'Certificate, Cartography and GIS', 'Master of Arts (M.A.), Geography']"
/in/joel-zhang/,['NaN'],"['Lead Server', 'Server', 'Sales Associate', 'Tutor/ Grader']","['Bachelor of Science - BS, Kinesiology and Exercise Science']"
/in/zain-zaidi-02a027168/,"['Educational Technology', 'Educational Technology']","['Information Technology Support Technician', 'Caddie', 'Summer Intern']","[""Bachelor's degree, Information Science - Data Science Track"", 'Highschool Diploma']"
/in/john-luo-abab0a179/,['NaN'],"['Student', 'Software Development Engineer Intern', 'Student Trainee (Computer Science)', 'Guest Researcher']","[""Bachelor's degree, Computer Science""]"
/in/saniyanazeer/,"['Java', 'Java']",['Front End and Back End Developer - Intern'],"[""Bachelor's degree, Computer Science"", 'High School Diploma']"
/in/nicolejenkins28/,"['Human Resources', 'Program Management', 'Microsoft Office', 'Hospitality', 'Nonprofits', 'Management', 'Student Development', 'Community Outreach', 'Hospitality Management', 'Conferences', 'Conference Management', 'Troubleshooting', 'Events', 'Event Management', 'Program Development', 'Program Evaluation', 'Coordination', 'Program Management Professional', 'Travel Management', 'Purchase Management', 'Applicant Tracking Systems', 'PeopleAdmin', 'Leadership', 'Nonprofit Organizations', 'Human Resources', 'Program Management', 'Hospitality', 'Nonprofits', 'Student Development', 'Community Outreach', 'Hospitality Management', 'Conference Management', 'Troubleshooting', 'Event Management', 'Program Development', 'Program Evaluation', 'Program Management Professional', 'Travel Management', 'Purchase Management', 'PeopleAdmin', 'Nonprofit Organizations', 'Microsoft Office', 'Applicant Tracking Systems', 'Management', 'Leadership', 'Conferences', 'Events']","['University of Maryland', 'University of Maryland', 'University of Maryland']","['Certificate , Hospitality and Tourism Management', 'Master of Business Administration (M.B.A.)', 'Master of Science (M.S.), Management: Human Resources']"
/in/daniel-arndt-1b410899/,"['Microsoft Office', 'PowerPoint', 'Matlab', 'Microsoft Word', 'Microsoft Excel', 'Research', 'Public Speaking', 'Engineering', 'Research', 'Engineering', 'Microsoft Office', 'PowerPoint', 'Matlab', 'Microsoft Word', 'Microsoft Excel', 'Public Speaking']","['Process Engineer', 'Process Engineer', 'Plant Engineer', 'Process Engineer', 'Process Engineer', 'Undergraduate Teaching Fellow for Chemical Engineering Thermodynamics (CHBE 301 and CHBE 302)', 'Engineering Intern', 'Student Trainee (Engineering Technician)']","[""Bachelor's degree, Chemical Engineering""]"
/in/parthnanvani/,"['SQL', 'Tableau', 'Python (Programming Language)', 'Data Structures', 'Artificial Intelligence (AI)', 'Deep Learning', 'Machine Learning', 'Data Visualization', 'Risk Management', 'C++', 'C (Programming Language)', 'LAMP', 'HTML', 'Cascading Style Sheets (CSS)', 'Microsoft Office', 'Microsoft Word', 'Microsoft PowerPoint', 'Data Structures', 'Artificial Intelligence (AI)', 'Deep Learning', 'Machine Learning', 'Data Visualization', 'Risk Management', 'Time Management', 'Database Management System (DBMS)', 'SQL', 'Tableau', 'Python (Programming Language)', 'C++', 'C (Programming Language)', 'LAMP', 'HTML', 'Cascading Style Sheets (CSS)', 'Microsoft Office', 'Microsoft Word', 'Microsoft PowerPoint', 'Teamwork', 'Communication', 'Leadership', 'Organization Skills', 'Critical Thinking', 'Decision-Making']","['ElasticRun', 'ElasticRun']","['Master of Science - MS, Information Systems', 'Bachelor of Technology - BTech, Computer Engineering', 'HSC']"
/in/joshua-yu-694010106/,"['C++', 'Computer Vision', 'Microsoft Office', 'Microsoft Excel', 'Microsoft Word', 'PowerPoint', 'Customer Service', 'Computer Vision', 'Customer Service', 'C++', 'Microsoft Office', 'Microsoft Excel', 'Microsoft Word', 'PowerPoint']","['Software Engineer', 'Software Engineering Intern', 'Engineering Intern']","['Master of Science - MS, Computer Science', 'Bachelor’s Degree, Electrical and Electronics Engineering']"
/in/luke-groom-pe-134726a9/,"['AutoCAD', 'Public Speaking', 'AutoCAD', 'Public Speaking']","['Project Engineer', 'Project Engineer II', 'Civil Engineer', 'Intern']","['Bachelor of Science (B.S.), Civil Engineering']"
/in/matthew-tan-2283a4220/,['NaN'],['NaN'],"['Information Science, Data Processing and Data Processing Technology/Technician']"
/in/ezra-bregin-a9732718a/,"['Matlab', 'SolidWorks', '3D Printing', '3D Printing', 'Matlab', 'SolidWorks']","['President', 'Undergraduate Researcher', 'Summer Intern', 'Aerostructures Team Lead', 'Undergraduate Researcher']","[""Bachelor's degree, Physics"", ""Bachelor's degree, Aerospace Engineering""]"
/in/divyangmago/,"['Java', 'Agile Methodologies', 'DevOps', 'Oracle', 'JavaScript', 'Software Engineering', 'Microsoft SQL Server', 'Databases', 'Scrum', 'Database Design', 'SQL', 'Agile Methodologies', 'DevOps', 'Software Engineering', 'Scrum', 'Database Design', 'Object Oriented Design', 'SDLC', 'Software Development', 'Java', 'Oracle', 'JavaScript', 'Microsoft SQL Server', 'Databases', 'SQL', 'JIRA', 'C#']","['Senior Software Engineer', 'Senior Software Engineer', 'Software Engineer/Scrum Master', 'Software Engineer', 'Software Engineer', 'Software Engineering Co-Op', 'Junior Programmer (Intern)']","['Master of Science (M.S.), Systems Engineering', 'Bachelor of Science (B.S.), Computer Engineering']"
/in/dagmawi-abebe-8278a7195/,['NaN'],['NaN'],"['Bachelor of Engineering - BE, Mechanical Engineering']"
/in/alex-lee-50636022/,"['Financial Analysis', 'Management Consulting', 'Financial Reporting', 'Auditing', 'Internal Controls', 'Business Process Improvement', 'Program Management', 'Risk Management', 'Due Diligence', 'Managerial Finance', 'Research', 'Accounting', 'Finance', 'Corporate Finance', 'Financial Analysis', 'Management Consulting', 'Financial Reporting', 'Auditing', 'Internal Controls', 'Business Process Improvement', 'Program Management', 'Risk Management', 'Due Diligence', 'Managerial Finance', 'Research', 'Accounting', 'Finance', 'Corporate Finance', 'Public Speaking', 'Management']","['Associate', 'Manager', 'Vice President Of Finance And Operations', 'Senior Policy Analyst', 'Assistant Director for Compliance', 'Senior Consultant', 'Senior Associate']","['Bachelor of Science, Accounting', 'Bachelor of Science, Finance']"
/in/abraham-white/,"['Data Analysis', 'Python (Programming Language)', 'Tableau', 'SQL', 'Data Analytics', 'Neural Networks', 'Object-Oriented Programming (OOP)', 'Research', 'Data Visualization', 'Data Science', 'Environmental Justice', 'Natural Language Processing (NLP)', 'Data Analysis', 'Data Analytics', 'Neural Networks', 'Object-Oriented Programming (OOP)', 'Research', 'Data Visualization', 'Data Science', 'Environmental Justice', 'Natural Language Processing (NLP)', 'Python (Programming Language)', 'Tableau', 'SQL']","['Global Economy and Development Research Intern<span class=""white-space-pre""> </span></span><span class=""visually-hidden"">', 'Anthropology and Data Science Student Researcher', 'iConsultancy Team Project Lead', 'Virtual Student Federal Service, Data Science Intern', 'Center for Securing the Homeland, Data Analytics Intern', 'College of Information Studies, Teaching Assistant', 'The Center for Community Engagement, Environmental Justice, and Public Health, Student Researcher', 'Data Scientist Intern', 'Business Operations Intern', 'Product Management Intern', 'Property Maintenance, Inventory, and Management Intern<span class=""white-space-pre""> </span></span><span class=""visually-hidden"">']","[""Bachelor's of Science, Information Science: Data Science""]"
/in/godfirst-ihuoma-5943891b3/,58,"['Project Engineer', 'Production Worker', 'Project Manager']","['Bachelor of Arts - BA, Architecture']"
/in/aneeka-patel-aa16501b8/,59,"['Undergraduate Teaching Assistant', 'Sales Associate']","['Computer Engineering, Computer Software Engineering']"
/in/nathanbezualem/,"['Java', 'Algorithms', 'Object-Oriented Programming (OOP)', 'Data Structures', 'Algorithms', 'Object-Oriented Programming (OOP)', 'Data Structures', 'Java']","['Incoming Software Development Engineering Intern @ Amazon', 'Machine Learning Intern', 'Information Technology Laboratory Intern', 'Learning Assistant']","['Bachelor of Science - BS, Computer Science ']"
/in/mike-zybrick/,"['Matlab', 'Microsoft Office', 'Chemical Engineering', 'Engineering', 'Energy', 'Data Analysis', 'Microsoft Excel', 'Chemistry', 'PowerPoint', 'Technical Writing', 'Hazardous Waste Management', 'Public Speaking', 'ChemCAD', 'Simulations', 'Heat Transfer', 'Electrochemistry', 'Management', 'Financial Accounting', 'Chemical Engineering', 'Engineering', 'Energy', 'Data Analysis', 'Chemistry', 'Technical Writing', 'Hazardous Waste Management', 'Simulations', 'Heat Transfer', 'Electrochemistry', 'Financial Accounting', 'Equity Research Analysis', 'Matlab', 'Microsoft Office', 'Microsoft Excel', 'PowerPoint', 'ChemCAD', 'Public Speaking', 'Management']","['Northrop Grumman', 'Northrop Grumman']","['Master of Business Administration (MBA)', 'Master of Finance', 'Bachelor of Science (B.S.), Chemical Engineering']"
/in/mary-monroe-b75b9b1a5/,62,"['University of Maryland', 'University of Maryland']","['Bachelor of Science - BS, Mathematics and Computer Science', 'Bachelor of Science - BS, Mathematics']"
/in/jordan-dantzler/,"['Public Speaking', 'Microsoft Office', 'PowerPoint', 'Customer Service', 'Leadership', 'Microsoft Word', 'Sports', 'Project Management', 'Research', 'Microsoft Excel', 'Management', 'Matlab', 'Microsoft PowerPoint', 'Strategic Planning', 'Event Planning', 'Social Media', 'Customer Service', 'Sports', 'Project Management', 'Research', 'Event Planning', 'Social Media', 'Microsoft Office', 'PowerPoint', 'Microsoft Word', 'Microsoft Excel', 'Matlab', 'Microsoft PowerPoint', 'Public Speaking', 'Leadership', 'Management', 'Strategic Planning']","['Accenture', 'Accenture']","['Master of Science - MS, Business Analytics', ""Bachelor's Degree, Mechanical Engineering""]"
/in/allison-hishmeh/,"['Public Speaking', 'Government Contracting', 'Mobile Device Management', 'Entrepreneurship', 'Information Security', 'Project Management', 'Proposal Writing', 'Report Writing', 'Online Marketing', 'Child Development', 'WordPress', 'Microsoft Office', 'Team Leadership', 'Sports Coaching', 'Big Data Analytics', 'Government Contracting', 'Mobile Device Management', 'Entrepreneurship', 'Information Security', 'Project Management', 'Proposal Writing', 'Report Writing', 'Online Marketing', 'Child Development', 'Sports Coaching', 'Big Data Analytics', 'IT Security Operations', 'Data Analytics', 'WordPress', 'Microsoft Office', 'Public Speaking', 'Team Leadership', 'Leadership']","['President, Los Angeles Network UMD Alumni Association', 'Member', 'Community Volunteer', 'Volunteer', 'Pro Bono Salesforce Consulting Services', 'Volunteer Staff<span class=""white-space-pre""> </span></span><span class=""visually-hidden"">', 'Team Coordinator', 'Volunteer', 'Youth Sports Coach', 'Youth Basketball Coach', 'USG Student Ambassadors Program', 'Head Volleyball Coach', 'Fundraising Assistant']","['Master of Business Administration - MBA', 'Entrepreneurship in Emerging Economies Course', 'Minor: Technology Entrepreneurship']"
/in/william-l-ju/,"['Java', 'Python (Programming Language)', 'Leadership', 'C', 'Ruby', 'Microsoft Excel', 'Chinese', 'Facial Recognition', 'Facial Recognition', 'Java', 'Python (Programming Language)', 'C', 'Ruby', 'Microsoft Excel', 'Leadership', 'Chinese']","['Software Engineer', 'Team Lead', 'Vice President External Affairs']","['Bachelor of Science - BS, Computer Science', 'High School Diploma']"
/in/michael-wittner-559962101/,"['Web Development', 'Social Media', 'CSS', 'Java', 'JavaScript', 'Microsoft Excel', 'Microsoft Office', 'Public Speaking', 'Web Development', 'Social Media', 'CSS', 'Java', 'JavaScript', 'Microsoft Excel', 'Microsoft Office', 'Public Speaking']","['Capability Development Specialist<span class=""white-space-pre""> </span></span><span class=""visually-hidden"">', 'Founder', 'Technology Advisor', 'Co-Founder - Technology', 'Software Security Engineer', 'Founder and CEO', 'Software Engineer', 'Software Engineer Co-Op', 'President', 'Director of Events', 'Vice President of Technology', 'IT Specialist', 'Marketing and Web Development Intern', 'Web Developer']","['Master of Engineering - MEng, Cyber Security', 'Bachelor of Science - BS, Computer Science', 'High School']"
/in/dean-villanueva-91ab174/,"['Telecommunications', 'Project Management', 'SDLC', 'PMP', 'Business Analysis', 'Vendor Management', 'Requirements Analysis', 'Integration', 'Enterprise Software', 'Management', 'Enterprise Architecture', 'Visio', 'Requirements Gathering', 'Software Documentation', 'Data Center', 'Managed Services', 'Team Leadership', 'Testing', 'Business Requirements', 'Business Process', 'Telecommunications', 'Project Management', 'SDLC', 'PMP', 'Business Analysis', 'Vendor Management', 'Requirements Analysis', 'Integration', 'Enterprise Architecture', 'Requirements Gathering', 'Software Documentation', 'Data Center', 'Managed Services', 'Testing', 'Business Requirements', 'Business Process', 'ITIL', 'Software Development Life Cycle (SDLC)', 'Information Technology', 'Project Portfolio Management', 'Enterprise Software', 'Visio', 'Management', 'Team Leadership']","['Task Lead and Support Coordinator<span class=""white-space-pre""> </span></span><span class=""visually-hidden"">', 'Sr. Program Manager Analyst', 'Sr. Business Analyst', 'Senior Program Manager Advisor/Consultant', 'PMO Project Manager', 'PMO Project Manager', 'Computer Consultant']","['Bachelor of Science (B.S.), ComSci / IT']"
/in/alexander-bratchie-939920b9/,"['Microsoft Office', 'AutoCAD', 'MicroStation', 'Microsoft Office', 'AutoCAD', 'MicroStation']","['Engineering Specialist', 'Highway Designer', 'Transportation Intern', 'Transportation Engineering Intern', 'Transportation Engineering Intern']","['Master of Science - MS, Civil Engineering', 'Bachelor of Science - BS, Civil Engineering']"
/in/richard-zha-b83546222/,"['Java', 'Python (Programming Language)', 'Scientific Computing', 'Data Collection', 'Scientific Computing', 'Data Collection', 'Java', 'Python (Programming Language)']",['Junior Analyst'],"[""Bachelor's degree, Computer Science""]"
/in/arthur-zavadsky-aa4492117/,"['Recruiting', 'Staffing Services', 'Human Resources', 'Temporary Placement', 'Interviews', 'Interviewing', 'Leadership', 'Recruiting', 'Staffing Services', 'Human Resources', 'Temporary Placement', 'Interviews', 'Interviewing', 'Leadership']","['NOVAVAX INC', 'NOVAVAX INC', 'NOVAVAX INC', 'NOVAVAX INC', 'NOVAVAX INC']","[""Bachelor's Degree, Criminology""]"
/in/paulos-elias-48623315a/,"['Leadership', 'Leadership']","['Ad Operations Specialist', 'Associate Consultant Intern<span class=""white-space-pre""> </span></span><span class=""visually-hidden"">', 'Data Analyst Intern', 'Referee', 'Lifeguard']","['Management Information Systems, General']"
/in/nicolesabatelli/,"['Data Analysis', 'Microsoft Office', 'Problem Solving', 'Quality Control', 'Biomedical Engineering', 'Microsoft Excel', 'Microsoft Word', 'Microsoft PowerPoint', 'Microsoft Outlook', 'Jira', 'R', 'Laboratory Information Management System (LIMS)', 'Standard Operating Procedure (SOP)', 'Analytical Skills', 'Troubleshooting', 'Cancer Genomics', 'Statistics', 'Validation', 'Internal Investigations', 'LIMS', 'Data Analysis', 'Quality Control', 'Biomedical Engineering', 'Standard Operating Procedure (SOP)', 'Troubleshooting', 'Cancer Genomics', 'Statistics', 'Validation', 'Internal Investigations', 'Change Control', 'Microsoft Office', 'Microsoft Excel', 'Microsoft Word', 'Microsoft PowerPoint', 'Microsoft Outlook', 'Jira', 'R', 'Laboratory Information Management System (LIMS)', 'LIMS', 'Problem Solving', 'Analytical Skills']","['Quality Specialist II', 'Quality Assurance Specialist', 'Quality Assurance Associate I - Operations', 'Genomic Analyst', 'Medical Assistant', 'Bioengineer', 'Undergraduate Researcher', 'Undergraduate Research Fellow', 'Teaching Assistant']","['Bachelor of Science - BS, Bioengineering and Biomedical Engineering']"
/in/jackelineaguirre/,['NaN'],"['Graduate Assistant', 'Keyholder', 'Intern', 'Hostess, Server, Barista', 'Intern']","['Master of Public Policy', 'Bachelor of Science in Information Science, Digital Curation']"
/in/amira-bailey-069534230/,"['Networking', 'Writing', 'Communication', 'Customer Service', 'Legislative Relations', 'Leadership', 'Student Government', 'Networking', 'Customer Service', 'Legislative Relations', 'Student Government', 'Writing', 'Communication', 'Leadership']","['Community Assistant', 'Store Stocker']",74
/in/darian-irannejad-296068178/,"['Sales', 'Sales']","['Data &amp; Analytics', 'Project Manager Intern', 'Host', 'Cyber Security Specialist']","[""Bachelor's degree, Information Science""]"
/in/shwetha-sanjeev/,76,"['GE Healthcare', 'GE Healthcare']","['Master of Science - MS, Information Science/Studies', 'Bachelor of Engineering, Computer Science', 'Computer Science']"
/in/purvi-lalwani-a905321a/,"['Databases', 'Business Analysis', 'Software Development', 'SQL', 'Microsoft SQL Server', 'Data Modeling', 'Requirements Analysis', 'SDLC', 'XML', 'PL/SQL', 'Data Warehousing', 'T-SQL', 'SSRS', 'Business Analysis', 'Software Development', 'Data Modeling', 'Requirements Analysis', 'SDLC', 'Data Warehousing', 'Data Analysis', 'Databases', 'SQL', 'Microsoft SQL Server', 'XML', 'PL/SQL', 'T-SQL', 'SSRS', 'Analytical Skills']","['REI Systems', 'REI Systems', 'REI Systems']","['Masters, Information Management', ""Bachelor's degree, Computer Engineering""]"
/in/rajit-mukhopadhyay-67737a19a/,"['Writing', 'Editing', 'Research', 'Editing', 'Research', 'Writing']","['Silver Chips Online', 'Silver Chips Online']","['Bachelor of Engineering - BE, Computer Engineering', 'High School']"
/in/cartercavalier/,"['Data Analysis', 'Python (Programming Language)', 'Software Development', 'Software', 'SQL', 'Data Analysis', 'Software Development', 'Software', 'Python (Programming Language)', 'SQL']","['Associate Software Engineer (Intern)', 'Associate Software Engineer (Intern)']",['Information Science ']
/in/van-jessica-le/,"['Communication', 'Organization Skills', 'Communication', 'Organization Skills']","['Open Data Intern', 'Community Team - Hackathon Organizer', 'Teaching Ambassador - Maryland Center for Women in Computing (MCWIC)', 'Academic Resource Chair', 'Software Engineer Intern', 'Web Developer', 'Brand Team - Hackathon Organizer', 'Software Engineering Virtual Experience', 'Sophomore Edge Program - Software Engineering Track', 'Data Analytics Summer Intern', 'Software QA Engineering Intern', 'Ambassador Coordinator', 'Waitress', 'Soccer Coach']","[""Bachelor's degree, Computer Science"", 'High School Diploma']"
/in/leenchoo-chawaka/,"['Leadership', 'Leadership']","['Montgomery College', 'Montgomery College', 'Montgomery College']","['Computer Science , Computer Science', ""Associate's degree"", 'High School , High School']"
/in/laurenmfrost/,"['Strong Communication Skills', 'Writing &amp;Journalism', 'Demonstrated Leadership Ability', 'Social Media', 'Writing', 'Editing', 'Storytelling', 'Video &amp; Media Production', 'Community Activism', 'Microsoft Office', 'Photography', 'Social Media', 'Editing', 'Storytelling', 'Photography', 'Microsoft Office', 'Strong Communication Skills', 'Writing']","['Student Teacher', 'Junior Election judge', 'Assistant Teacher', 'Volunteer Coach']","['Bachelor of Arts - BA, Mass Communication/Media Studies and Government and Politics', 'Design, Cultures and Creativity Honors Citation']"
/in/sruthi-rajarajan/,"['Java', 'C (Programming Language)', 'Biotechnology', 'Biotechnology', 'Java', 'C (Programming Language)']","['Software Engineer Intern', 'Research And Development Associate I/II']","['Bachelor of Science - BS, Computer Science', 'International Baccalaureate Diploma', 'Bachelor of Science - BS, Bioengineering']"
/in/marcia-main/,"['IT Audit', 'Management', 'Sarbanes-Oxley Act', 'Risk Management', 'Program Management', 'Strategy', 'Information Technology', 'Consulting', 'ISO 27001', 'Leadership', 'Information Security Management', 'IT SOX', 'IT Audit', 'Sarbanes-Oxley Act', 'Risk Management', 'Program Management', 'Information Technology', 'Consulting', 'ISO 27001', 'Information Security Management', 'Management', 'Strategy', 'Leadership']","['Head Of Information Security', 'Security Strategy Director', 'Security and Compliance Sr. Manager', 'Sr. Manager, Technology Audit (Cybersecurity-Focus)', 'Director, Cybersecurity Risk and Compliance', 'IT Advisory Senior Associate', 'Technical Consultant', 'Computer Programmer']","['Bachelor’s Degree, Management Information Systems, General', 'Management Information Systems']"
/in/jgao1238/,"['Java', 'Beekeeping', 'Python (Programming Language)', 'Photography', 'JavaScript', 'Angular', 'Beekeeping', 'Photography', 'Java', 'Python (Programming Language)', 'JavaScript', 'Angular']","['University of Maryland', 'University of Maryland', 'University of Maryland']","['Bachelors, Computer Science, Criminology and Criminal Justice']"
/in/srikumar-muralidharan/,"['C++', 'Python (Programming Language)', 'SolidWorks', 'Switchgear', 'C (Programming Language)', 'Microsoft Excel', 'Microsoft PowerPoint', 'Microsoft Word', 'SAP ERP', 'Teamwork', 'Public Speaking', 'Leadership', 'Design Analysis', 'Switchgear', 'Design Analysis', 'C++', 'Python (Programming Language)', 'SolidWorks', 'C (Programming Language)', 'Microsoft Excel', 'Microsoft PowerPoint', 'Microsoft Word', 'SAP ERP', 'Teamwork', 'Public Speaking', 'Leadership']","['Software Engineer', 'Graduate Teaching Assistant', 'Robotics Intern', 'Research and Development Support Specialist', 'Summer Research Intern']","['Master of Engineering - MEng, Mechatronics, Robotics, and Automation Engineering', 'Bachelor of Technology - BTech, Mechanical Engineering']"
/in/sabrina-manzoor-/,"['Event Planning', 'Microsoft Office', 'Photography', 'Team Leadership', 'Event Planning', 'Photography', 'Microsoft Office', 'Team Leadership']","['Family Programming Intern', 'CARE Peer Educator<span class=""white-space-pre""> </span></span><span class=""visually-hidden"">', 'Social Media Coordinator', 'CoinsforCases<span class=""white-space-pre""> </span></span><span class=""visually-hidden"">', 'CCPS Nutrition Curriculum', 'Vice President', 'Secretary', 'Project Intern', 'Babysitter', 'Administrative Assistant']","[""Bachelor's degree, Public Health/Community Nurse/Nursing""]"
/in/amy--zheng/,"['Java', 'Microsoft Office', 'C (Programming Language)', 'Python (Programming Language)', 'Java', 'Microsoft Office', 'C (Programming Language)', 'Python (Programming Language)']","['Software Engineer', 'Software Development Intern', 'Software Developer &amp; Lab Manager', 'Software Development Intern', 'Software Development Intern']","[""Bachelor's degree, Computer Science""]"
/in/arjun-patel-1024/,"['Engineering', 'MATLAB', 'Engineering', 'MATLAB']",['NaN'],"[""Bachelor's degree, Aerospace, Aeronautical and Astronautical Engineering"", 'High School Diploma']"
/in/kahadze/,"['Java', 'OCaml', 'C', 'Ruby', 'Rust (Programming Language)', 'Python (Programming Language)', 'OCaml', 'Java', 'C', 'Ruby', 'Rust (Programming Language)', 'Python (Programming Language)']","['Tutor', 'Junior Research Assistant']","[""Bachelor's degree, Computer Science"", 'High School Diploma']"
/in/zheng-cen/,"['Python (Programming Language)', 'R (Programming Language)', 'SQL', 'Tableau', 'MySQL', 'Microsoft Office', 'Databases', 'Pandas (Software)', 'Java', 'English', 'Mandarin', 'Python (Programming Language)', 'R (Programming Language)', 'SQL', 'Tableau', 'MySQL', 'Microsoft Office', 'Databases', 'Pandas (Software)', 'Java', 'English', 'Mandarin']",['Analyst'],"['Master of Science - MS, Information System', 'Bachelor of Science - BS, School of Data Science - Financial Statistics', ""Master's degree, Information System""]"
/in/camille-lorente-7b91a51a3/,"['Spanish', 'Emergency Situations', 'Fashion', 'Business', 'Lacrosse', 'Emergency Situations', 'Fashion', 'Business', 'Lacrosse', 'Spanish']","['Looney\'s Pub<span class=""white-space-pre""> </span></span><span class=""visually-hidden"">', 'Looney\'s Pub<span class=""white-space-pre""> </span></span><span class=""visually-hidden"">']","['Bachelor of Science in Business, Business, Management, Marketing, and Related Support Services']"
/in/alan-wang-ab474b16a/,"['Java', 'Python (Programming Language)', 'C', 'Microsoft Excel', 'Microsoft Word', 'Microsoft Office', 'Microsoft PowerPoint', 'LabVIEW', 'MATLAB', 'HTML', 'Creative Problem Solving', 'JavaScript', 'Ruby', 'Cascading Style Sheets (CSS)', 'OCaml', 'React.js', 'OCaml', 'Java', 'Python (Programming Language)', 'C', 'Microsoft Excel', 'Microsoft Word', 'Microsoft Office', 'Microsoft PowerPoint', 'LabVIEW', 'MATLAB', 'HTML', 'JavaScript', 'Ruby', 'Cascading Style Sheets (CSS)', 'React.js', 'Creative Problem Solving']","['Software Engineer Intern', 'Frontend Developer', 'Student Researcher', 'Office Assistant', 'Summer Intern']",['Computer Science']
/in/michelle-hsiao-225a175/,"['Risk Management', 'Asset Management', 'Portfolio Management', 'Financial Analysis', 'Asset Managment', 'Loans', 'Real Estate', 'Analysis', 'Due Diligence', 'Finance', 'Accounting', 'Microsoft Office', 'Investments', 'Mutual Funds', 'Account Reconciliation', 'Microsoft Excel', 'Analytical Skills', 'Risk Management', 'Asset Management', 'Portfolio Management', 'Financial Analysis', 'Asset Managment', 'Loans', 'Real Estate', 'Due Diligence', 'Finance', 'Accounting', 'Investments', 'Mutual Funds', 'Account Reconciliation', 'Microsoft Office', 'Microsoft Excel', 'Analysis', 'Analytical Skills']","['Amazon Web Services (AWS)', 'Amazon Web Services (AWS)', 'Amazon Web Services (AWS)', 'Amazon Web Services (AWS)', 'Amazon Web Services (AWS)', 'Amazon Web Services (AWS)', 'Amazon Web Services (AWS)', 'Amazon Web Services (AWS)', 'Amazon Web Services (AWS)', 'Amazon Web Services (AWS)']","['Bachelor of Science, Finance and Logistics', 'High School', 'High School']"
/in/rohit-mishra-9a9536229/,"['Research', 'Java', 'Research', 'Java']",['Intern'],"[""Bachelor's degree, Finance, General""]"
/in/daniel-cutaneo-a98358162/,96,"['Terrapin Tech: Student Lead Technician', 'Administrative Support Intern', 'Student Technician']","[""Bachelor's degree, Information Science/Studies""]"
/in/khushboo-modi/,"['MySQL', 'Microsoft Excel', 'Python (Programming Language)', 'Data Analysis', 'Tableau', 'R', 'SQL', 'Data Analysis', 'MySQL', 'Microsoft Excel', 'Python (Programming Language)', 'Tableau', 'R', 'SQL']","['Associate I Software Engineer', 'Business Intelligence Specialist', 'Graduate Teaching Assistant', 'Data Science Intern', 'Product Management Intern', 'Graduate Assistant', 'Software Engineer Trainee', 'Creative Head', 'Software Engineer Trainee', 'Creative Head', 'Student Coordinator']","['Master of Science - MS, Information Systems', 'Bachelor of Technology, Computer']"
/in/nebeyu-mesfin-247b56113/,"['Microsoft Office', 'PowerPoint', 'Data Analysis', 'Matlab', 'Research', 'Microsoft Excel', 'Microsoft Word', 'Microsoft Powerpoint', 'MathCAD', 'Thermodynamic Modeling', 'Reliability Engineering', 'Molecular Simulation', 'Data Analysis', 'Research', 'Thermodynamic Modeling', 'Reliability Engineering', 'Microsoft Office', 'PowerPoint', 'Matlab', 'Microsoft Excel', 'Microsoft Word', 'Microsoft Powerpoint', 'MathCAD']","['Reliability Engineer', 'Process Engineer', 'Manufacturing &amp; Engineering Co-op', 'Chemical Technology Intern', 'SPICE Camp Mentor', 'Mentor', 'Math Tutor']","['Reliability Engineering Excellence, Engineering', 'Bachelor’s Degree, Chemical Engineering']"
/in/azeem-mohammed-66a21b156/,"['Cyber-security', 'Java', 'Arduino', 'Wireshark', 'Cyber-security', 'Wireshark', 'Java', 'Arduino']","['University of Maryland', 'University of Maryland', 'University of Maryland']","[""Bachelor's degree, Computer Engineering"", 'Maryland Diploma']"
/in/brian-g-myers-45a7661a1/,"['Genealogy', 'Writing', 'Business', 'Canva', 'Digital Marketing', 'Genealogy', 'Business', 'Digital Marketing', 'Canva', 'Writing']","['Assistant Event Coordinator', 'Childcare Assistant', 'Senior Features Editor (2018-2019), Features Editor (2017-2018), Staff Writer (2016-2017)', 'Summer Camp Counselor']","['Bachelor of Science - BS, Information Systems, Marketing', 'Information Technology and Business Transformation (iTBT) Fellows', 'Media, Self, & Society Scholars Program Citation']"
/in/gabiclingan/,"['Time Management', 'Teamwork', 'Microsoft Office']","['Recruiting Coordinator', 'Human Resources Coordinator', 'Special Education Aide', 'Counseling Intern', 'Research Assistant', 'Intern', 'Peer Advisor<span class=""white-space-pre""> </span></span><span class=""visually-hidden"">', 'Psychiatric Rehabilitation Intern']","['B.S., Psychology, Family Science', 'Psychology', 'High School Diploma']"
/in/havish-gadde-209000197/,['NaN'],['Holy Cross Research'],"['Bachelor of Science - BS, Biology/Biological Sciences, General', 'High School Diploma, High School/Secondary Diplomas and Certificates']"
/in/david-bradshaw-a6730b94/,"['Mechanical Engineering', 'Product Development', 'Fluid Mechanics', 'Heat Transfer', 'Physics', 'PTC Creo', 'Microsoft Office', 'Customer Service', 'Public Speaking', 'Mechanical Engineering', 'Product Development', 'Fluid Mechanics', 'Heat Transfer', 'Physics', 'Customer Service', 'PTC Creo', 'Microsoft Office', 'Public Speaking']","['Johnson Controls', 'Johnson Controls', 'Johnson Controls']","['Bachelor of Science (B.S.), Mechanical Engineering', 'Bachelor of Science (B.S.), Physics']"
/in/mia-hinckle-794137150/,"['Marketing Analytics', 'Marketing Analytics']","['Assistant Director Of Communications', 'Marketing Coordinator', 'Communications &amp; Events Specialist']","['Master of Science - MS, Marketing', 'Bachelor of Science - BS, Political Science and Government']"
/in/nene-narh-mensah/,"['Critical Thinking', 'Analytical Skills', 'Critical Thinking', 'Analytical Skills']","['Staff Writer', 'Co-Managing Editor', 'Copy Editor', 'Team Leader', 'Associate Sales Representative', 'Intern', 'Intern']","['Journalism, Public Policy Analysis']"
/in/jacqueline-olewack/,"['Accounting', 'Financial Reporting', 'Tax', 'Finance', 'Corporate Tax', 'Auditing', 'Internal Controls', 'Financial Analysis', 'Financial Accounting', 'CPA', 'US GAAP', 'Payroll', 'Budgets', 'SEC filings', 'Microsoft Office', 'Strategic Planning', 'GAAP', 'Sarbanes-Oxley Act', 'Internal Audit', 'Management Consulting', 'Accounting', 'Financial Reporting', 'Tax', 'Finance', 'Corporate Tax', 'Auditing', 'Internal Controls', 'Financial Analysis', 'Financial Accounting', 'CPA', 'US GAAP', 'Payroll', 'Budgets', 'SEC filings', 'GAAP', 'Sarbanes-Oxley Act', 'Internal Audit', 'Management Consulting', 'General Ledger', 'Financial Statements', 'Microsoft Office', 'QuickBooks', 'Strategic Planning']","['Guidehouse', 'Guidehouse', 'Guidehouse', 'Guidehouse', 'Guidehouse', 'Guidehouse', 'Guidehouse']","['B.S., Accounting', 'Bachelor of Science (B.S.), Accounting']"
/in/muyiwa-odeniyide-2a784a21/,"['Public Speaking', 'Entrepreneurship', 'Corporate Finance', 'Legal Writing', 'Leadership', 'Management', 'Financial Modeling', 'Economics', 'Analysis', 'Community Outreach', 'Microsoft Excel', 'Social Media', 'Microsoft PowerPoint', 'Event Planning', 'Entrepreneurship', 'Corporate Finance', 'Legal Writing', 'Financial Modeling', 'Economics', 'Community Outreach', 'Social Media', 'Event Planning', 'Microsoft Excel', 'Microsoft PowerPoint', 'Public Speaking', 'Leadership', 'Management', 'Analysis']","['Assistant General Counsel', 'Enforcement Counsel', 'Associate', 'Summer Associate', 'Legal Intern', 'Summer Honors Intern', 'SEO Law Intern', 'Consultant']","['Doctor of Law (J.D.)', 'BS, Finance']"
/in/ernestmens/,"['Swift', 'Java', 'Adobe Photoshop', 'UI/UX Design', 'Agile Methodologies', 'Time Management', 'Customer Service', 'Team Leadership', 'Prioritize Workload', 'Microsoft Word', 'UI/UX Design', 'Agile Methodologies', 'Time Management', 'Customer Service', 'Retail', 'Swift', 'Java', 'Adobe Photoshop', 'Microsoft Word', 'Team Leadership', 'Prioritize Workload']","['Apple', 'Apple', 'Apple']","['Bachelor of Science - BS, Computer Science', 'Associate of Science - AS, Computer Science', 'Bachelor of Science - BS, Computer Science']"
/in/tiechengzhu/,"['C++', 'Physics', 'Simulations', 'Scanning Electron Microscopy', 'Finite Element Analysis', 'Research', 'Matlab', 'LaTeX', 'LabVIEW', 'C', 'Physics', 'Simulations', 'Scanning Electron Microscopy', 'Finite Element Analysis', 'Research', 'Probability Theory', 'Finite Difference Method', 'Monte Carlo Simulation', 'Stochastic Calculus', 'Linear Algebra', 'Regression Analysis', 'Photonics', 'Semiconductor Fabrication', 'Electron Beam Lithography', 'Photolithography', 'Reactive Ion Etching', 'C++', 'Matlab', 'LaTeX', 'LabVIEW', 'C', 'Python (Programming Language)', 'Management', 'Leadership']","['University of Maryland', 'University of Maryland', 'University of Maryland']","['Doctor of Philosophy (Ph.D.), Electrical Engineering', 'Bachelor of Science - BS, Electronics Engineering', 'Undergraduate Exchange Student, Electrical Engineering']"
/in/alex-mazze-706b7b149/,"['Programming in C', 'Matlab', 'Microsoft Excel', 'Bilingual English &lt;&gt; Spanish', 'Programming in C', 'Matlab', 'Microsoft Excel']","['Mastercard Data &amp; Services', 'Mastercard Data &amp; Services', 'Mastercard Data &amp; Services', 'Mastercard Data &amp; Services', 'Mastercard Data &amp; Services', 'Mastercard Data &amp; Services']","['Bachelors, Mechanical Engineering']"
/in/lauren-drumm-85ba19167/,"['Mechanical Engineering', 'Microsoft Excel', 'SolidWorks', 'Arduino', 'Matlab', 'Mechanical Engineering', 'Microsoft Excel', 'SolidWorks', 'Arduino', 'Matlab']","['Project Engineer', 'Mechanical Engineering Intern', 'Mechanical Engineering Intern']",['Mechanical Engineer']
/in/brandynphillips/,"['CATIA', 'Matlab', 'Leadership Development', 'Public Speaking', '3D Prototyping', 'Aerodynamics', 'Large Group Facilitation', 'Leadership Development', '3D Prototyping', 'Aerodynamics', 'Large Group Facilitation', 'Team Building Facilitation', 'CATIA', 'Matlab', 'SolidWorks', 'Public Speaking']","['Alfred Gessow Rotorcraft Center', 'Alfred Gessow Rotorcraft Center']","['Doctor of Philosophy - PhD, Aerospace, Aeronautical and Astronautical Engineering', ""Master's degree, Aerospace, Aeronautical and Astronautical Engineering"", ""Bachelor's degree, Aerospace, Aeronautical and Astronautical Engineering""]"
/in/rarjunreddy/,"['Research', 'Illustration', 'Graphic Design', 'Video Editing', 'Animation', 'Storyboarding', 'HTML', 'Microsoft Word', 'CSS', 'Microsoft Excel', 'Microsoft Office', 'Research', 'Illustration', 'Graphic Design', 'Video Editing', 'Animation', 'Storyboarding', 'Storytelling', 'UIX', 'HTML', 'Microsoft Word', 'CSS', 'Microsoft Excel', 'Microsoft Office', 'Adobe Photoshop', 'jQuery', 'After Effects', 'InDesign', 'WordPress', 'Adobe Premiere Pro', 'Dreamweaver', 'HTML5', 'Unity', 'Teamwork', 'Public Speaking']","['UX Product Manager', 'UX Designer', 'Graduate Student Researcher', 'Product Designer', 'Art Director', 'Art Director', 'Graphic Designer', 'UI/Graphic Designer', 'Graphic Designer', 'UI/Content Designer', 'Media Management Designer', 'Graphic Design Intern', 'Design Intern']","['Masters in Human-Computer Interaction', ""Bachelor's Degree Fine Arts(BFA) Graphic Design, Business (Minor)"", 'The International School Bangalore']"
/in/abby-meyer-83426b160/,"['Microsoft Office', 'Machining', 'Design', 'SolidWorks', 'SOLIDWORKS', 'Machining', 'Design', 'Microsoft Office', 'SolidWorks', 'SOLIDWORKS']","['Rotational Engineer', 'Teaching Fellow: Product Development Course', 'Terps Racing Baja SAE Team Captain and Mechanical Designer', 'Mechanical Engineering Intern', 'Mechanical Engineering Intern']",['Mechanical Engineering']
/in/kartikk4/,"['Data Analysis', 'Statistical Data Analysis', 'Transportation Planning', 'Transportation Engineering', 'Public Transport Planning', 'Probabilistic Models', 'Statistical Data Linkage', 'High Performance Computing (HPC)', 'Data Analysis', 'Statistical Data Analysis', 'Transportation Planning', 'Transportation Engineering', 'Public Transport Planning', 'Probabilistic Models', 'High Performance Computing (HPC)']","['Assistant Director of Data and Informatics', 'Post Doctoral Research Fellow at National Study Center, STAR ORC', 'Assistant Professor', 'Research Affiliate', 'Research Assistant', 'Intern', 'Graduate Research Assistant', 'Manager (Structural Design)', 'Trainee Engineer (Structural Design)']","['Doctor of Philosophy - PhD, Transportation and Highway Engineering', 'Master of Science (M.S.), Transportation and Highway Engineering', 'Bachelor of Engineering (BE), Civil Engineering']"
/in/moutusidey/,"['Equities', 'Financial Modeling', 'Analysis', 'Investments', 'Investment Banking', 'Capital Markets', 'Research', 'Equity Research', 'Business Development', 'Financial Analysis', 'Finance', 'Portfolio Management', 'Business Planning', 'Valuation', 'Banking', 'Analytical Skills', 'Equities', 'Financial Modeling', 'Investments', 'Investment Banking', 'Capital Markets', 'Research', 'Equity Research', 'Business Development', 'Financial Analysis', 'Finance', 'Portfolio Management', 'Business Planning', 'Valuation', 'Banking', 'Analysis', 'Analytical Skills']","['VP Analyst', 'Sr. Director, Analyst', 'Research Director', 'Principal Research Analyst', 'Senior Program Research Analyst', 'Associate', 'Financial Data Analyst', 'Associate', 'Research Analyst']","['MS Investment Management, Investment', 'Summer Term, Statistics', 'MBA, Finance']"
/in/elizabeth-slesarev/,"['Computer Science', 'Python (Programming Language)', 'C (Programming Language)', 'Data Science', 'Computer Science', 'Data Science', 'Python (Programming Language)', 'C (Programming Language)']","['Jr. Quantitive Analyst', 'Intern', 'Google CSRMP Mentee', 'Guest Researcher', 'Code Sensei']","['Bachelor of Science - BS, Computer Science: Data Science', 'Minor, Statistics', 'Associate of Arts - AA, Computer Science']"
/in/archana-swamin/,"['Leadership', 'Research', 'Communication', 'Conservation Issues', 'Volunteering', 'Social Media Marketing', 'Research', 'Conservation Issues', 'Volunteering', 'Social Media Marketing', 'Leadership', 'Communication']","['Education Volunteer', 'Summer Junior Volunteer', 'Corresponding Secretary', '1st Vice President of Student Activities']","['Bachelor of Science - BS, Information Science']"
/in/oluwatobiloba-arewa-6b2b0b150/,"['Information Technology', 'Communication', 'Problem Solving', 'Leadership', 'Python (Programming Language)', 'Information Technology', 'Python (Programming Language)', 'Communication', 'Problem Solving', 'Leadership']",['NaN'],"[""Bachelor's degree, Computer and Information Sciences, General""]"
/in/caleb-enjati-b8251519a/,120,['NaN'],"[""Bachelor's degree, Mechanical Engineering""]"
/in/stephenboddy/,"['Program Management', 'Enterprise Architecture', 'Enterprise Risk Management', 'PMP', 'Security Clearance', 'SharePoint', 'Social Media', 'Technology Evangelist', 'Leadership', 'Storyboarding', 'Risk Management Framework', 'Mind Mapping', 'Technical Writing', 'DIARMF', 'Cross-functional Team Leadership', 'Peer Counseling', 'Training &amp; Development', 'Information Assurance', 'Scrum', 'Lean Manufacturing', 'Program Management', 'Enterprise Architecture', 'Enterprise Risk Management', 'PMP', 'Social Media', 'Technology Evangelist', 'Storyboarding', 'Risk Management Framework', 'Mind Mapping', 'Technical Writing', 'Cross-functional Team Leadership', 'Peer Counseling', 'Training &amp; Development', 'Information Assurance', 'Scrum', 'Lean Manufacturing', 'Proposal Management', 'Integration', 'Proposal Writing', 'Process Improvement', 'SharePoint', 'Visio', 'MS Project', 'Oracle E-Business Suite', 'Leadership', 'Analysis']","['Chief Information Security Officer', 'QMS and ISMS Project Manager', 'Cyber Security Instructor', 'Business Mentor', 'Technology Specialist', 'Cyber Security Program Manager', 'Cyber Security Program Manager', 'Principal Computer Security Analyst', 'Cyber Security Program Manager', 'Cyber Security Technical Program Manager', 'Cyber Security Manager and Deputy Project Manager', 'Information Assurance Manager', 'Senior Information Assurance Engineer', 'Cyber Security Program Manager and Capture Manager', 'Vice President of Business Development-Navy', 'Senior Information Assurance Systems Engineer', 'Capture Manager', 'Senior Information Assurance Instructor', 'HIPAA Privacy &amp; Security Officer', 'Micro SNAP Team Leader', 'NTCSS System Administrator', 'Environmental Manager', '3-M Coordinator and SNAP II Systems Administrator', 'Safety Officer']","['Ph.D. (ABD), Organizations and Management', 'M.S., Environmental Management', 'B.S., Physician Assistant, The George Washington University School of Medicine and Health Sciences']"
/in/crystalmarte/,"['UX Research', 'Accessibility', 'Adobe Creative Suite', 'Research', 'Autism Spectrum Disorders', 'Quantitative Research', 'Data Collection', 'Usability Testing', 'Data Analysis', 'Microsoft Office', 'Cascading Style Sheets (CSS)', 'HTML', 'JavaScript', 'Figma (Software)', 'Leadership', 'Customer Service', 'Time Management', 'Interpersonal Skills', 'Communication', 'Qualitative Research', 'Team Leadership', 'Contextual Inquiry', 'Contextual Research', 'UX Research', 'Accessibility', 'Research', 'Autism Spectrum Disorders', 'Quantitative Research', 'Data Collection', 'Usability Testing', 'Data Analysis', 'Customer Service', 'Time Management', 'Qualitative Research', 'Contextual Inquiry', 'Contextual Research', 'Adobe Creative Suite', 'Microsoft Office', 'Cascading Style Sheets (CSS)', 'HTML', 'JavaScript', 'Figma (Software)', 'Leadership', 'Interpersonal Skills', 'Communication', 'Team Leadership']","['User Experience Consultant', 'Career Planning Graduate Assistant - Feller Center', 'Graduate Researcher', 'Technical Recruiter', 'Registered Behavior Technician', 'Registered Behavior Technician/Behavior Therapist', 'Research Assistant', 'Office Assistant', 'Clerk/Cashier', 'Office Assistant']","['Master of Science - MS, Human Computer Interaction', 'Bachelor of Arts - BA, Psychology', 'Study Abroad']"
/in/-patrick-hopkins/,"['Microsoft Office', 'Teamwork', 'Microsoft Word', 'PowerPoint', 'Customer Service', 'Social Media', 'Leadership', 'Research', 'Public Speaking', 'Management', 'Event Planning', 'Microsoft Excel', 'Team Leadership', 'Public Relations', 'Supervisory Skills', 'Program Management', 'Recruiting', 'Facebook', 'Microsoft PowerPoint', 'Time Management', 'Customer Service', 'Social Media', 'Research', 'Event Planning', 'Public Relations', 'Program Management', 'Recruiting', 'Time Management', 'Microsoft Office', 'Microsoft Word', 'PowerPoint', 'Microsoft Excel', 'Facebook', 'Microsoft PowerPoint', 'Teamwork', 'Leadership', 'Public Speaking', 'Management', 'Team Leadership', 'Supervisory Skills']","['Randstad USA', 'Randstad USA', 'Randstad USA', 'Randstad USA', 'Randstad USA', 'Randstad USA', 'Randstad USA']",['Psychology']
/in/thomas-liu-dc/,"['SQL', 'Business Intelligence', 'ETL', 'Linux', 'Business Intelligence', 'ETL', 'SQL', 'Linux']","['Software Engineer', 'Software Engineer', 'Integration Engineer', 'Data Engineer', 'Business Intelligence Developer', 'System Administrator', 'ETL/Report Developer', 'IT Intern', 'Student Technician']","['Bachelors, Information Systems']"
/in/ali-p-82688713b/,"['Computer Science', 'Java', 'Computer Science', 'Java']","['IDCA - International Data Center Authority', 'IDCA - International Data Center Authority']","['Bachelor of Science - BS, Computer Science', 'Architecture & Mechanical Engineering', 'High School Diploma ']"
/in/james-sawyerr/,126,"['Member', 'Team Leader for the College Success Scholars (CSS) Program (Office of Multiethnic Student Education)', 'NASA Intern', 'NIH Intern']","['Bachelor of Engineering - BE, Electrical Engineering']"
/in/gracelyn-pham-6a1455181/,"['Microsoft Office', 'Matlab', 'Teamwork', 'Engineering', 'AutoCAD', 'C++', 'Time Management', 'Autodesk Inventor', 'Python (Programming Language)', 'Lathe', 'CNC Mill', 'Drill Press', '3D Printing', 'Microsoft Word', 'Microsoft Excel', 'Microsoft PowerPoint', 'MATLAB', 'CATIA', 'ENOVIA LCA', 'Problem Solving', 'Engineering', 'Time Management', 'Lathe', 'CNC Mill', 'Drill Press', '3D Printing', 'ENOVIA LCA', 'Microsoft Office', 'Matlab', 'AutoCAD', 'C++', 'Autodesk Inventor', 'Python (Programming Language)', 'Microsoft Word', 'Microsoft Excel', 'Microsoft PowerPoint', 'MATLAB', 'CATIA', 'Teamwork', 'Problem Solving']","['DIT Classroom Support Technician I', 'Lab Manager', 'Service Engineering Intern', 'Systems Engineering Intern', 'Manufacturing Engineering Intern']","['Bachelor of Science - BS, Aerospace, Aeronautical and Astronautical Engineering']"
/in/shane-khant-soe-moe-24ab45113/,"['Software Development', 'JavaScript', 'Java', 'Object-Oriented Programming (OOP)', 'Android Development', 'PHP', 'Android', 'JavaFX', 'HTML5', 'JSON', 'Linux', 'Software Development', 'Object-Oriented Programming (OOP)', 'Android Development', 'JavaScript', 'Java', 'PHP', 'Android', 'JavaFX', 'HTML5', 'JSON', 'Linux']","['Secertary', 'Grade-1 Teacher', 'Co-Founder', 'Notetaker', 'Club member']","['Bachelor of Science - BS, Computer Science', 'Associate’s Degree, Computer Science', 'High School Diploma, GenEd']"
/in/jenniealfaro/,"['Research', 'Data Analysis', 'Data Collection', 'Qualitative Research', 'Focus Groups', 'Spanish', 'Research Design', 'Research', 'Data Analysis', 'Data Collection', 'Qualitative Research', 'Focus Groups', 'Research Design', 'Spanish']","['Customer Experience Strategy', 'Senior Manager', 'Business Strategy Manager', 'Business Strategy Consultant', 'Quality Measures Research Group Summer Intern', 'Business Strategy Summer Consultant<span class=""white-space-pre""> </span></span><span class=""visually-hidden"">', 'Senior Research Analyst, Public Health Research Department', 'Research Analyst, Public Health Research Department', 'Research Assistant, Public Health Research Department', 'Research Coordinator']","['Master of Public Policy (M.P.P), Health Policy, Social Policy', 'Bachelor of Arts (B.A.), Psychology', 'Bachelor of Arts (B.A.), Spanish Language, Literatures, and Cultures']"
/in/namanmolri/,"['JavaScript', 'Android Development', 'Java', 'Microsoft PowerPoint', 'HTML', 'Discord API', 'Node.js', 'Android Development', 'JavaScript', 'Java', 'Microsoft PowerPoint', 'HTML', 'Discord API', 'Node.js']","['University of Maryland', 'University of Maryland', 'University of Maryland']","[""Bachelor's degree, Computer Science"", 'High School Diploma, Computer Science']"
/in/jenny-metellus-pierre-pmp-csm-cpm-00015423/,"['International Relations', 'Project Management', 'Public Policy', 'Public Administration', 'Public Affairs', 'Strategy', 'Customer Success', 'Product Management', 'International Relations', 'Project Management', 'Public Policy', 'Public Administration', 'Public Affairs', 'Customer Success', 'Product Management', 'Strategy']","['Growth &amp; Scale Sr. Program Manager', 'Product Manager', 'Product Operations Manager', 'Technology Management Consultant', 'Program Analyst/Assistant Transition Manager', 'Management and Program Analyst', 'Student Temporary Assistance Resources and Services Administrator', 'Public Relations Intern']","['Bachelor of Arts, Communication, French, Women Studies', 'Masters, Masters in Public Administration and Policy & Management']"
/in/usmanaminfiaz/,"['C++', 'Matlab', 'Microsoft Office', 'MATLAB', 'C++', 'Matlab', 'Microsoft Office', 'MATLAB']","['Graduate Research Assistant', 'Graduate Teaching Fellow', 'Graduate Teaching Assistant', 'Research Intern', 'Research Intern', 'Research Intern', 'Research Intern', 'Graduate Teaching Fellow', 'Graduate Research Assistant', 'Graduate Engineering Trainee', 'Intern', 'Intern']","['Doctor of Philosophy - PhD, Electrical Engineering', 'Master of Science - MS, Electrical Engineering', 'Bachelor of Science - BS, Electrical Engineering']"
/in/rutuataliya/,"['information security', 'Research', 'Computer Security', 'Matlab', 'Eclipse', 'Core Java', 'Java Applets', 'Digital Image Processing', 'Microsoft Office', 'Microsoft Word', 'Leadership', 'Training', 'Photoshop', 'Java Enterprise Edition', 'Web Application Security', 'Microsoft Excel', 'Computing', 'Advanced java', 'Java', 'Cyber-security', 'information security', 'Research', 'Java Applets', 'Digital Image Processing', 'Training', 'Web Application Security', 'Computing', 'Cyber-security', 'Burp Suite', 'Web Development', 'Splunk', 'Nmap', 'OSSEC', 'John the Ripper', 'Matlab', 'Eclipse', 'Core Java', 'Microsoft Office', 'Microsoft Word', 'Photoshop', 'Microsoft Excel', 'Advanced java', 'Java', 'Nessus', 'C', 'C++', 'HTML', 'MySQL', 'JavaScript', 'Python', 'jQuery', 'PHP', 'ASP.NET', 'C#', 'Leadership']","['Security Engineer I', 'Associate Security Engineer', 'Cyber Security Engineer Intern- Fire Power Management', 'Graduate Assistant - Technical Analyst , Stamp IT Services', 'Research Analyst &amp; Assistant Professor', 'Security Engineering Intern', 'Software Developer Internship']","['Masters of Engineering in Cyber Security', 'M.Tech (Gold Medalist), ComputerEngineering', 'B.E (Gold Medalist), ComputerEngineering']"
/in/danasmith2/,"['CRM', 'Temporary Placement', 'Management', 'Consulting', 'Staffing Services', 'Sales', 'Cold Calling', 'Leadership', 'Account Management', 'Customer Service', 'Start-ups', 'Technical Recruiting', 'Temporary Staffing', 'Project Management', 'Salesforce.com', 'IT Solutions', 'SDLC', 'Professional Services', 'Telecommunications', 'Customer Satisfaction', 'CRM', 'Temporary Placement', 'Consulting', 'Staffing Services', 'Sales', 'Cold Calling', 'Account Management', 'Customer Service', 'Start-ups', 'Technical Recruiting', 'Temporary Staffing', 'Project Management', 'IT Solutions', 'SDLC', 'Professional Services', 'Telecommunications', 'Customer Satisfaction', 'Information Technology', 'Salesforce.com', 'Management', 'Leadership']","['Army Enterprise Account Manager', 'Account Manager, US Army', 'Account Manager, Federal SI- DoD', 'Senior Account Manager', 'Technical Recruiter', 'Athletic Department- Summer Intern', 'Intern', 'Spring Intern']","[""Bachelor's, Communications""]"
/in/danny-sinno-061228202/,"['C (Programming Language)', 'Data Analytics', 'Engineering', 'Java', 'Data Analytics', 'Engineering', 'C (Programming Language)', 'Java']","['Student', 'Member of Delta Sigma Phi', 'Pool Manager']","['Bachelor of Engineering - BE, Computer Engineering']"
/in/bschwartz2/,"['Merchant Services', 'Leadership', 'Electronic Payments', 'Credit Cards', 'Payment Card Processing', 'New Business Development', 'Sales Management', 'Direct Sales', 'Account Management', 'Payment Gateways', 'Relationship Management', 'Sales Operations', 'Merchant Services', 'Electronic Payments', 'Credit Cards', 'Payment Card Processing', 'New Business Development', 'Sales Management', 'Direct Sales', 'Account Management', 'Payment Gateways', 'Relationship Management', 'Sales Operations', 'Leadership']","['Chase', 'Chase', 'Chase']",136
/in/natasha-andrade-ph-d-747b25b/,"['Environmental Awareness', 'Chemistry', 'Environmental Engineering', 'Research', 'Laboratory', 'Statistics', 'Environmental Science', 'ArcGIS', 'Teaching', 'Soil', 'Microsoft Office', 'Data Analysis', 'Science', 'Sustainability', 'Engineering', 'GIS', 'Field Work', 'Water Quality', 'Water Resources', 'Environmental Policy', 'Environmental Awareness', 'Chemistry', 'Environmental Engineering', 'Research', 'Laboratory', 'Statistics', 'Environmental Science', 'Teaching', 'Soil', 'Data Analysis', 'Science', 'Sustainability', 'Engineering', 'Field Work', 'Water Quality', 'Water Resources', 'Environmental Policy', 'Wastewater Treatment', 'Remediation', 'Instrumentation', 'ArcGIS', 'Microsoft Office', 'GIS', 'Analysis']","['University of Maryland', 'University of Maryland', 'University of Maryland']","['PhD, Environmental Engineering', 'MS, Environmental Engineering', 'BS, Chemical Engineering']"
/in/doronne-shyu/,"['Strategic Consulting', 'Project Management Office (PMO)', 'Materials Science', 'Engineering', 'Data Analysis', 'Consulting', 'Business Process', 'Process Management', 'Microsoft Excel', 'PowerPoint', 'SAP', 'Microsoft Office', 'Strategic Consulting', 'Project Management Office (PMO)', 'Materials Science', 'Engineering', 'Data Analysis', 'Consulting', 'Business Process', 'Process Management', 'Microsoft Excel', 'PowerPoint', 'SAP', 'Microsoft Office']","['Lockheed Martin', 'Lockheed Martin', 'Lockheed Martin', 'Lockheed Martin', 'Lockheed Martin', 'Lockheed Martin']","['Bachelor of Science (BS), Materials Science and Engineering']"
/in/emmanuel-annan/,139,"['Data Delivery Practitioner - Consultant', 'Shipboard Machine Optimization Engineer', 'Financial Analyst', 'Information Security Analyst', 'Database Internship', 'Clicklist Associate<span class=""white-space-pre""> </span></span><span class=""visually-hidden"">', 'Walmart Associate']","[""Master's degree, Marketing Analytics"", ""Bachelor's degree, Management Information Systems and Management"", 'High School Diploma']"
/in/pranali-desai/,"['path planning', 'behavior planning', 'trajectory planning', 'CNC Programming', 'Machine Learning', 'Algorithms', 'Data Structures', 'Navigation', 'Localization', 'Computer Vision', 'mission planning', 'Python', 'path planning', 'CNC Programming', 'Machine Learning', 'Algorithms', 'Data Structures', 'Navigation', 'Localization', 'Computer Vision', 'mission planning', 'Control Theory', 'Robot Operating System (ROS)', 'SLAM', 'OpenCV', 'Path Planning', 'Motion Planning', 'Python', 'Deep Neural Networks (DNN)', 'C++', 'Management', 'perception']","['Software Engineer II - Behavior and Path Planning', 'Co-Founder', 'Robotics Software Engineer, Motion Planning', 'Research Assistant', 'Intern']","['Masters of Engineering , Mechatronics, Robotics, and Automation Engineering', ""Bachelor's degree, Mechatronics, Robotics, and Automation Engineering""]"
/in/ccheung7/,141,"['Social Media Manager', 'Undergraduate Research Assistant']","[""Bachelor's degree, Public Relations, Advertising, and Applied Communication""]"
/in/marvinxu/,"['Java', 'HTML', 'Python', 'C', 'Teamwork', 'JavaScript', 'Matlab', 'Microsoft Office', 'LaTeX', 'R', 'C#', 'Java', 'HTML', 'Python', 'C', 'JavaScript', 'Matlab', 'Microsoft Office', 'LaTeX', 'R', 'C#', 'Teamwork']","['Senior Associate Software Engineer', 'Associate Software Engineer', 'Cloud Associate Intern', 'Biostatistics Grader', 'Software Engineer Intern', 'Intern', 'Data Specialist Intern', 'Noyce Tutor']","['Bachelors, Computer Science', ""Master's degree, Artificial Intelligence""]"
/in/bryant-azoroh-2023/,"['Data Analysis', 'Data Analysis']","['Resident Assistant', 'Administrative Assistant']","['Physiology and Neurobiology, Neuroscience']"
/in/samuel-tiliksew/,['NaN'],"['Cashier', 'Class Treasurer', 'Cashier', 'Package Handler']","['undecided, Mathematics', 'High School Diploma']"
/in/john-skandalis-01501317a/,145,"['Pro Shop Associate', 'Software Development Intern', 'Warehouse Worker']","[""Bachelor's degree, Computer Science, Minor in Astronomy"", 'Various Classes and Certifications, Cybersecurity', 'High School Diploma']"
/in/miriam-silton-189a27113/,146,"['Board President, Jewish Terps Alumni Network', 'Community Organizer - Wilmington, DE', 'Mentor and Running Buddy', 'Tutor']","['Master of Business Administration - MBA', 'B.S., Materials Science and Engineering, Minor: Nanoscale Science and Technology']"
/in/robert-duru-14308011/,"['Leadership', 'Management', 'Program Management', 'Sales', 'Customer Service', 'Public Speaking', 'Team Building', 'Analysis', 'Operations Management', 'Microsoft Office', 'Marketing', 'Leadership Development', 'Business Analysis', 'Training', 'Fundraising', 'Social Media', 'Sports Management', 'Project Planning', 'Financial Services', 'Process Scheduler', 'Program Management', 'Sales', 'Customer Service', 'Team Building', 'Operations Management', 'Marketing', 'Leadership Development', 'Business Analysis', 'Training', 'Fundraising', 'Social Media', 'Sports Management', 'Project Planning', 'Financial Services', 'Process Improvement', 'Event Planning', 'Finance', 'Six Sigma', 'Wealth', 'Life Insurance', 'Microsoft Office', 'Process Scheduler', 'Leadership', 'Management', 'Public Speaking', 'Analysis']","['Senior Relationship Manager II - Sr. Vice President', 'Past President', 'Manager- Operations and Risk Management', 'Experience Coordinator', 'Executive Team Leader', 'Sports Director', 'Financial Services Professional', 'Student Athlete', 'OpnetWork Conference Intern']","['Master of Business Administration (M.B.A.), Business Administration and Management, General', 'Master’s Degree, Project Management', ""Bachelor's of  Science, Kinesiology""]"
/in/evyenia-zoulis/,"['Spanish', 'Greek', 'Java', 'Programming', 'Communication', 'Problem Solving', 'Fundraising', 'Time Management', 'Conflict Resolution', 'Programming', 'Fundraising', 'Time Management', 'Java', 'Communication', 'Problem Solving', 'Conflict Resolution', 'Spanish', 'Greek']","['Community Assistant', 'Lifeguard']","[""Bachelor's degree, Computer Science""]"
/in/jhonrommeldelacruz/,"['Microsoft Office', 'Teamwork', 'Microsoft Word', 'Research', 'Microsoft Excel', 'Python', 'R Studio', 'Cultural Awareness', 'Communication', 'Microsoft PowerPoint', 'Tagalog', 'Social Networking', 'Tableau', 'NodeXL', 'Keshif', 'Research', 'R Studio', 'Cultural Awareness', 'Social Networking', 'Microsoft Office', 'Microsoft Word', 'Microsoft Excel', 'Python', 'Microsoft PowerPoint', 'Tableau', 'NodeXL', 'Teamwork', 'Communication', 'Tagalog']","['Data Analyst', 'Graduate Assistant', 'Records Management Intern', 'Undergraduate Researcher', 'Brand Representative', 'Seasonal Employee']","[""Master's degree, Information Management"", 'Bachelor of Science - BS, Information Science/Studies', 'Bachelor of Business Administration (B.B.A.), Global Management']"
/in/assefa-baraki-16772582/,150,['Information Science Student'],"[""Bachelor's degree, Information Science/Studies"", ""Associate's degree, Computer Science""]"
/in/simrat-bhandari-467a28160/,"['Python (Programming Language)', 'SQL', 'Software Development', 'Artificial Intelligence (AI)', 'Program Management', 'Tableau', 'Public Speaking', 'Abacus', 'React', 'JavaScript', 'Software Development', 'Artificial Intelligence (AI)', 'Program Management', 'Abacus', 'Python (Programming Language)', 'SQL', 'Tableau', 'React', 'JavaScript', 'Public Speaking']","['Data Engineer', 'Research Assistant', 'Software Engineer Intern', 'Research Assistant', 'Software Engineer Intern', 'Peer Advisor', 'Information Technology Intern', 'Research Assistant', 'Summer Intern']","['Computer Science', 'High School Diploma, General Studies']"
/in/serenasaunders/,"['Public Speaking', 'Leadership', 'Communication', 'Writing', 'Teaching', 'Policy Analysis', 'Copy Editing', 'Microsoft Office', 'Social Media', 'Event Planning', 'Community Outreach', 'Nonprofit Organizations', 'Policy Writing', 'Teamwork', 'Public Policy', 'Teaching', 'Policy Analysis', 'Copy Editing', 'Social Media', 'Event Planning', 'Community Outreach', 'Nonprofit Organizations', 'Policy Writing', 'Public Policy', 'Microsoft Office', 'Public Speaking', 'Leadership', 'Communication', 'Writing', 'Teamwork']","['Communications &amp; Programs Coordinator', 'Staff Assistant', 'Opinion Editor', 'Opinion Columnist', 'Public Policy and Communications Intern', 'Expansion Associate', 'Policy Intern', 'University Relations Summer Development Intern', 'Intern', 'Undergraduate Teaching Assistant', 'Program Assistant', 'Assistant Debate Coach']","['Master of Public Policy, Nonprofit Management and Leadership, Social Policy', 'Bachelor of Arts, Public Policy', 'High school, General Studies']"
/in/dianakeung/,"['Salesforce Training', 'Adobe Illustrator', 'Adobe Photoshop', 'Social Media', 'Social Media Marketing', 'Content Marketing', 'Digital Marketing', 'Digital Analytics', 'Microsoft Excel', 'Microsoft PowerPoint', 'Microsoft Word', 'Google Analytics', 'Google Data Studio', 'Buffer Social Media Management', 'Sushi-making', 'HootSuite', 'Tracx', 'Machine Learning', 'Mobile Web Design', 'Responsive Web Design', 'Salesforce Training', 'Social Media', 'Social Media Marketing', 'Content Marketing', 'Digital Marketing', 'Digital Analytics', 'Machine Learning', 'Mobile Web Design', 'Responsive Web Design', 'User Experience Design', 'Information Architecture', 'Pinterest', 'Data Visualization', 'Web Analytics', 'Business Intelligence', 'Dashboard', 'Data Analysis', 'Adobe Illustrator', 'Adobe Photoshop', 'Microsoft Excel', 'Microsoft PowerPoint', 'Microsoft Word', 'Google Analytics', 'Google Data Studio', 'Buffer Social Media Management', 'HootSuite', 'Facebook', 'Instagram', 'Twitter', 'YouTube']","['Product Designer', 'User Experience (UX) Designer', 'Central Atlantic (CA) Region Social Media Coordinator', 'Content Marketing: Social Media Intern', 'Program Operations Intern', 'Placement Contract Intern', 'Director of Marketing', 'Digital Marketing Analyst Intern', 'Sushi Chef', 'Head Hostess']","['Bachelor of Science - BS, Operations Management and Business Analytics, Marketing']"
/in/dennis-poludnev-71a7a018a/,"['English', 'Communication', 'Python (Programming Language)', 'Russian Language: Expert.', 'Python (Programming Language)', 'Communication', 'English']","['Onsite Support', 'A1C', 'Bar Manager']","['Master of Science - MS, Data Science', 'Bachelor of Science - BS, Computer and Information Sciences and Support Services', 'Associate of Arts and Sciences - AAS, Computer and Information Sciences and Support Services']"
/in/pranavpuritipati/,"['C (Programming Language)', 'Linux', 'MATLAB', 'Java', 'Customer Service', 'Programming', 'C (Programming Language)', 'Linux', 'MATLAB', 'Java', 'Leadership', 'Collaborative Problem Solving', 'Cooperative']","['University of Maryland - A. James Clark School of Engineering', 'University of Maryland - A. James Clark School of Engineering', 'University of Maryland - A. James Clark School of Engineering']","['Bachelor of Science - BS, Computer Engineering', ""Bachelor's degree, Computer Engineering""]"
/in/spencer-lutz/,"['Python (Programming Language)', 'Mathematics', 'C (Programming Language)', 'Research', 'C++', 'Java', 'HTML', 'Cascading Style Sheets (CSS)', 'JavaScript', 'LaTeX', 'Problem Solving', 'Spanish', 'Network Security', 'Cybersecurity', 'Mathematics', 'Research', 'Network Security', 'Cybersecurity', 'Python (Programming Language)', 'C (Programming Language)', 'C++', 'Java', 'HTML', 'Cascading Style Sheets (CSS)', 'JavaScript', 'LaTeX', 'Problem Solving', 'Spanish']",['NaN'],"[""Bachelor's degree, Computer Science"", 'High School Diploma']"
/in/matthew-wong-209a8921b/,"['Python', 'C++', 'Java', 'Mobile Applications', 'Web Development', 'Web Design', 'C#', 'C', 'HTML', 'JavaScript', 'MySQL', 'React.js', 'R (Programming Language)', 'Mobile Applications', 'Web Development', 'Web Design', 'Python', 'C++', 'Java', 'C#', 'C', 'HTML', 'JavaScript', 'MySQL', 'React.js', 'R (Programming Language)']",['NaN'],['Computer Science']
/in/andrew-spangler-37631a221/,158,['NaN'],"['Bachelor of Science - BS, Economics', 'High School Diploma']"
/in/akhilbothara/,"['Database Analyst', 'Business Analyst', 'Team Management', 'SQL', 'MySQL', 'Microsoft Office', 'PL/SQL', 'Microsoft Excel', 'PowerPoint', 'Microsoft Word', 'Windows', 'Oracle', 'C', 'C++', 'HTML', 'JavaScript', 'Microsoft SQL Server', 'XML', 'Core Java', 'Business Analysis', 'Business Analyst', 'Business Analysis', 'SQL', 'MySQL', 'Microsoft Office', 'PL/SQL', 'Microsoft Excel', 'PowerPoint', 'Microsoft Word', 'Windows', 'Oracle', 'C', 'C++', 'HTML', 'JavaScript', 'Microsoft SQL Server', 'XML', 'Core Java', 'Team Management']","['American Institutes for Research', 'American Institutes for Research']","['Master’s Degree, Management Information Systems, General', 'Bachelor of Engineering (B.E.), Computer Engineering', 'HSC, Science']"
/in/fscclement/,"['C', 'C++', 'Java', 'Microsoft Office', 'Microsoft Excel', 'PowerPoint', 'SQL', 'Networking', 'Matlab', 'Routing Protocols', 'Routing Protocols like RIP', 'Programming', 'Microsoft Word', 'Switching', 'Teamwork', 'Cloud Computing', 'Dynamic Routing', 'Open Shortest Path First (OSPF)', 'RIP', 'EIGRP', 'Networking', 'Routing Protocols', 'Routing Protocols like RIP', 'Programming', 'Switching', 'Cloud Computing', 'Dynamic Routing', 'Open Shortest Path First (OSPF)', 'EIGRP', 'GNS3', 'Packet Tracer', 'iBwave', 'Alteryx', 'C', 'C++', 'Java', 'Microsoft Office', 'Microsoft Excel', 'PowerPoint', 'SQL', 'Matlab', 'Microsoft Word', 'Microsoft PowerPoint', 'Amazon Web Services (AWS)', 'Linux', 'Tableau', 'Teamwork', 'RIP']","['Associate Technical Account Manager', 'Cloud Support Engineer I', 'Cloud Support Associate-Networking', 'Engineer II - Systems', 'Radio Spectrum Intern', 'Graduate Research Assistant', 'Graduate Research Assistant', 'Network Engineer Intern', 'Technical Support Professional', 'Student Research Assistant', 'Associate Software Engineer', 'Intern', 'Intern']","[""Master's degree, Telecommunications Engineering"", 'Honors, Signal Processing and Communication', 'Bachelor of Technology (BTech), Electrical and Electronics Engineering']"
/in/agyarai/,"['Organization Skills', 'Communication', 'Customer Service', 'Catering', 'English', 'Employee Training', 'Food &amp; Beverage', 'Python (Programming Language)', 'Customer Service', 'Catering', 'Employee Training', 'Food &amp; Beverage', 'Python (Programming Language)', 'Organization Skills', 'Communication', 'English']","['Volunteer', 'Academic Tutor', 'Volunteer', 'Student Volunteer']",['Information Science/Studies']
/in/sesha-tipirneni/,"['Software Development', 'Python (Programming Language)', 'Java', 'Microsoft Excel', 'Software Development', 'Python (Programming Language)', 'Java', 'Microsoft Excel']","['Software Engineer Co-Op', 'Corporate Systems Intern', 'IT Intern', 'Community &amp; Residents Office Assistant', 'Head Assistant']","['Finance, Computer Science']"
/in/barry-clifford-9b4a7a9/,"['Real Estate Development', 'Real Estate Economics', 'Real Estate', 'Zoning', 'Land Acquisition', 'Real Estate Transactions', 'Real Estate Development', 'Real Estate Economics', 'Real Estate', 'Zoning', 'Land Acquisition', 'Real Estate Transactions']","['Fraser Forbes Real Estate Services', 'Fraser Forbes Real Estate Services', 'Fraser Forbes Real Estate Services', 'Fraser Forbes Real Estate Services', 'Fraser Forbes Real Estate Services', 'Fraser Forbes Real Estate Services']","['Masters, Real Estate Development', 'BA, English']"
/in/okeze/,"['Graphic Design', 'Java', 'Robotics', 'Public Speaking', 'Leadership', 'Microsoft Word', 'Social Media', 'HTML5', 'CSS', 'JavaScript', 'Customer Service', 'Adobe Illustrator', 'Microsoft Office', 'Adobe Photoshop', 'Adobe Indesign CC', 'Teamwork', 'Graphic Design', 'Robotics', 'Social Media', 'Customer Service', 'Java', 'Microsoft Word', 'HTML5', 'CSS', 'JavaScript', 'Adobe Illustrator', 'Microsoft Office', 'Adobe Photoshop', 'Adobe Indesign CC', 'Public Speaking', 'Leadership', 'Teamwork']","['Associate Product Manager', 'Junior Product Manager', 'Product Manager Intern', 'Product Strategy &amp; UX Intern', 'ABCS Engineering Student', 'Visual Designer']","[""Bachelor's degree, Information Science, Focus in Technology Entrepreneurship""]"
/in/max-kalter-6465a8174/,165,"['Recruiter', 'Intern', 'Social Media Marketing Intern', 'Executive Board Member', 'Intern at Israeli Homeland Security', 'Summer Camp Counselor']","['Student , Communication, General']"
/in/moreno-aracely/,"['3D Computer Aided Design (3D CAD)', 'Java', 'Research', 'Community Service', 'R', 'Python (Programming Language)', 'JavaScript', 'C (Programming Language)', 'C++', 'R (Programming Language)', 'Figma (Software)', 'Research', 'Community Service', '3D Computer Aided Design (3D CAD)', 'Java', 'R', 'Python (Programming Language)', 'JavaScript', 'C (Programming Language)', 'C++', 'R (Programming Language)', 'Figma (Software)']","['Summer Intern', 'Remote Volunteer', 'Youth Council Member and Summer Youth Participant Coordinator', 'Domestic Outreach and Volunteering']","[""Bachelor's degree, Computer Science & Biomedical Engineering"", 'Jump Start Program, Biomedical Sciences, General', 'High School Diploma']"
/in/nsenjalia/,"['Microsoft Office', 'Project Management', 'Research', 'Project Management', 'Research', 'Microsoft Office']","['Management Consulting Analytics Analyst', 'Health Informatics Intern', 'Systems Engineering Intern', 'Data Analyst Intern', 'Sales Specialist']",['Bachelor of Science - BS']
/in/ifeolu-olaseinde/,"['Leadership', 'Public Speaking', 'Customer Service', 'Wigs', 'Communication', 'Community Outreach', 'Microsoft Office', 'Microsoft Excel', 'Management', 'Recruiting', 'Microsoft Word', 'E-commerce', 'Customer Service', 'Community Outreach', 'Recruiting', 'E-commerce', 'Microsoft Office', 'Microsoft Excel', 'Microsoft Word', 'Leadership', 'Public Speaking', 'Communication', 'Management', 'Wigs']","['Recruiting Coordinator - Team Lead (LATAM)', 'Senior Human Resources Assistant', 'Founder, Owner, Lead Stylist', 'Policy and Advocacy Intern', 'HR Management Analyst Intern', 'UMD Intern for a Day', 'UMD Intern for a Day', 'Student Intern']","['Bachelor of Arts - BA, Economics', 'Associate of Science - AS, Business Administration and Management, General']"
/in/barath-srinivasan/,169,"['University of Maryland', 'University of Maryland', 'University of Maryland']","['Bachelor of Science - BS, Computer Science', 'High School Diploma, General Studies']"
/in/ankush-jain-2501/,"['Digital Forensics', 'Security Incident Response', 'Cybersecurity Incident Response', 'Digital Forensics', 'Security Incident Response', 'Cybersecurity Incident Response']","['University of Maryland', 'University of Maryland']","['Master of Engineering - MEng, Cybersecurity', 'Bachelor of Engineering (B.E.), Computer Science']"
/in/hana-huie-8902671b3/,"['JavaScript', 'React.js', 'JavaScript', 'React.js']","['Frontend Developer', 'Frontend Developer Intern', 'Production Crew']","['Bachelor of Science - BS, Computer Science', 'Bachelor of Arts - BA, Theatre - Design & Production', 'Bachelor of Arts - BA, Dance - Performance & Choreography']"
/in/cherylbatlemanrecruiter/,"['Talent Acquisition', 'College Recruiting', 'Applicant Tracking Systems', 'Recruiting', 'Internet Recruiting', 'Management', 'Program Management', 'Onboarding', 'Staffing Services', 'Technical Recruiting', 'Sourcing', 'Human Resources', 'Interviews', 'PeopleSoft', 'Talent Management', 'Screening', 'Temporary Placement', 'Taleo', 'Business Development', 'SDLC', 'Talent Acquisition', 'College Recruiting', 'Recruiting', 'Internet Recruiting', 'Program Management', 'Onboarding', 'Staffing Services', 'Technical Recruiting', 'Sourcing', 'Human Resources', 'Interviews', 'Talent Management', 'Screening', 'Temporary Placement', 'Business Development', 'SDLC', 'Contract Recruitment', 'Screening Resumes', 'Strategic Sourcing', 'Consulting', 'Applicant Tracking Systems', 'PeopleSoft', 'Taleo', 'Enterprise Software', 'HRIS', 'Management', 'Negotiation', 'Leadership', 'Job Fairs', 'OFCCP']","['Sr University Relations Recruiter<span class=""white-space-pre""> </span></span><span class=""visually-hidden"">', 'Sr Talent Acquisition Recruiter<span class=""white-space-pre""> </span></span><span class=""visually-hidden"">', 'Sr. University Relations Recruiter', 'Senior Talent Acquisition Recruiter', 'Campus Relations', 'Sr. Talent Acquisition Recruiter - Cyber Security and Business Development', 'University Relations Manager', 'Recruiting Project Manager and Recruiter', 'Sr Technical Recruiter', 'Sr Technical Recruiter']","['Bachelors, Psychology']"
/in/mmosazgh/,"['Java', 'C', 'Statistics', 'Data Analysis', 'Web Development', 'Algorithms', 'Research', 'Software Development', 'Data Structures', 'Android Development', 'python', 'R', 'SQL', 'Ruby', 'MongoDB', 'Python (Programming Language)', 'SAS', 'HTML', 'Ruby on Rails', 'Cascading Style Sheets (CSS)', 'Statistics', 'Data Analysis', 'Web Development', 'Algorithms', 'Research', 'Software Development', 'Data Structures', 'Android Development', 'Java', 'C', 'python', 'R', 'SQL', 'Ruby', 'MongoDB', 'Python (Programming Language)', 'SAS', 'HTML', 'Ruby on Rails', 'Cascading Style Sheets (CSS)', 'Microsoft SQL Server', 'Android']","['Software Engineer', 'Software Engineer Intern', 'Software Engineer Intern', 'Undergraduate Research Assistant', 'Moderator &amp; Problem Writer - Geometry &amp; Physics', 'ASPIRE Software Engineer Intern']","['Bachelor of Science - BS, Computer Science and Statistics']"
/in/kyleguilday/,"['Management', 'Engineering', 'Engineering', 'Management']","['Crew Leader', 'AEROS Scholar']","[""Bachelor's degree, Aerospace, Aeronautical and Astronautical/Space Engineering"", ""Associate's degree, Business Administration and Management, General""]"
/in/fenil-gholani/,"['Security', 'MATLAB', 'Security', 'MATLAB']","['University of Maryland', 'University of Maryland', 'University of Maryland']","[""Master's degree, Cybersecurity"", ""Bachelor's - Major, Computer Science"", ""Bachelor's - Minor, General Business""]"
/in/agarwalseema/,"['Microsoft Office', 'Data Visualization', 'Data Analysis', 'SQL', 'R', 'Tableau', 'C', 'Microsoft Excel', 'Microsoft PowerPoint', 'Python', 'Cascading Style Sheets (CSS)', 'Data Models', 'Data Visualization', 'Data Analysis', 'Data Models', 'Microsoft Office', 'SQL', 'R', 'Tableau', 'C', 'Microsoft Excel', 'Microsoft PowerPoint', 'Python', 'Cascading Style Sheets (CSS)']","['Analyst, Client Insights', 'Data Analyst', 'Data Analyst', 'Business Analyst- Impact Consultant Fellow', 'Graduate Research Assistant', 'Graduate Student Assistant', 'Head of Events', 'Software Engineering Intern', 'Data Analyst Intern', 'Intern']","['Master of Science - MS,  Information Systems ', 'Bachelor of Technology, Information Technology']"
